작성자,댓글,좋아요수,작성일
@_foodie_jen,"직장인 초간단 도시락




회사 출근해야 할때마다
자주 해가는 주먹밥메뉴랍니더!

어떻게보면 스팸무수비의
간편버전 같아요!

아는맛이 더무서운법…


재료(1인분기준)👉🏻
햇반1개 큰거
스팸2조각 (간장1, 설탕1 조려주기)
계란2개
후리카케
참기름
조미김",593,2025-04-04T13:01:27Z
@커피나무-k9c,진짜 존매다,0,2025-09-21T08:12:21Z
@MS-bi4jc,"와대박
촬영은 어떨게 하셨어욛 ㄷㄷ 계속 모서리마다 켜두시는건가",0,2025-09-07T14:20:25Z
@박윤미-i9r,"이거슨 우린 소풍 도시락이라고 해요~
과자까지 야무져~~
글로벌 아는맛~❤",0,2025-09-07T12:28:17Z
@최진숙-q3i,아씨 안되겠어..구독,0,2025-09-06T12:00:18Z
@sarahkang8037,털털한거 같지만 세상꼼꼼하고 제일 계획적인 분 ㅋㅋㅋㅋㅋ,0,2025-09-06T05:38:31Z
@leerakyum687,한숨소리 ㅠㅠ,0,2025-09-06T05:21:53Z
@히포-z1q,먼가 대충이 컨셉인데 렌지에 카메라 넣고 음식 넣는씬 찍고 다시 카메라 빼고 돌린다음에 카메라 넣고 렌지에서 음식빼는 거 생각하니깐 집중안됨,0,2025-09-04T16:25:47Z
@hs-op7th가인,❤❤❤❤❤가장솔직한 음식레시피 !!!! 구독 좋아요! 🎉🎉🎉🎉 이런게 진짜. ㅎㅎ,0,2025-09-02T03:56:29Z
@노네임-j4q,쪼끔 짤것 같어서😂.스팸이 짠데 간장을넣 으니~~근데 손이 엄청 빠르네여😮일머리가 울트라급^^,0,2025-09-01T18:22:44Z
@bahmtol,왔어요 그시간이(찐이네요) ㅎ,0,2025-08-30T13:22:19Z
@박성우-g7w,???:왜 쓰레기봉투를 들고 계세요?,0,2025-08-30T12:51:17Z
@박지영-h2u1t,스팸짠데,0,2025-08-28T07:43:50Z
@미숙김-s6i,재미있네요  ㅎ ㅎ,0,2025-08-28T06:19:20Z
@고구미-o4d,진짜 대충사시네요.... 본받겠습니다 ㅋㅋㅋㅋ 저렇게 살고싶어도 잘 안되는 예민러 ㅋㅋㅋㅋㅋㅋ 저래야 요리도 뚝딱뚝딱 잘해먹고 그런데 이것저것 따지느라 요리 할 생각하면 어느정도 맘먹어야함 ㅠㅠㅠㅠㅠ 근데 또 소분해놓은 거 보면 부지런함까지 있음.....,0,2025-08-28T03:00:07Z
@yeaeun-s2j,"아니진짜 신기하네.. 대체어떻게 출근하면서 도시락싸는것도 바빠서못하는데 유튜브는 또어떻게
찍는거고 카메라 각도도 다르게 찍으셨네..ㄹㅇ 멀티 개잘하시네",1,2025-08-27T06:52:00Z
@yunnstar,아 단무지도 넣고 싶다..,0,2025-08-26T15:21:54Z
@1-ml7le,차 운전할때 나의 자세와 표정이네... 보고 따라하는줄~ㅎㅎ,0,2025-08-26T15:21:01Z
@son74075,김치가 먹고싶어지는 영상 😂,0,2025-08-26T15:03:50Z
@콩심은데콩난다-h1v,스팸이 왜 남지..,0,2025-08-26T14:16:53Z
@곤-k8f,진짜 맛잘알 사랑해여,0,2025-08-26T04:38:52Z
@순돌26,"나도 배웠다~~~♡
점심 한 끼  이렇게 해결하면 되겠네
사먹으러 갈 시간 애매할 때 종종 써먹어야징",0,2025-08-25T14:46:02Z
@yjs9471,말투가 왜그런거에요? 일부러 기분나쁜말투로 하는거시는건가요,0,2025-08-24T09:36:31Z
@쭈-r2z,아우 말투좀 바꿔줘요,1,2025-08-24T08:05:42Z
@susemi53,털털함이 사랑스러워❤,0,2025-08-22T08:05:42Z
@강은진-g6g,근데 회사에서 밥 안먹는 이유가 뭔가요? 식당이 없거나 나트륨?,0,2025-08-22T02:28:20Z
@하늘사랑-j9s,언니 의자에 옷걸려있는것. 현실고증짱!울집도 그래요😄,0,2025-08-21T21:49:15Z
@열폭꿍-b2f,겁나 짤 것 같은데… 안 짜요??,0,2025-08-19T03:00:56Z
@하루-l7u,고래밥..ㅋㅋ 미쿡맞아요???,0,2025-08-18T10:05:00Z
@과다감성아재,햄 싸고있는 종이 뭔가요,0,2025-08-17T07:14:10Z
@현미-h5e,난 그냥 이처자 너무 멋져서 직장도 없는데 이도시락싸서 공원가서 먹을생각에 행복,1,2025-08-16T22:39:42Z
@aenirydda5546,개그맨 박준형 와이프 김지혜님 닮으셨어요~,0,2025-08-16T15:27:26Z
@liina9661,껌좀 씹던 언니발성,0,2025-08-16T09:45:07Z
@장난똥때리나-y3h,ㅋ좀 큰그릇을사용하면 될텐..,0,2025-08-15T22:16:15Z
@우유식빵맛,운전하시는거 왤케 귀여워요 ㅋㅋㅋㅋㅋ❤,0,2025-08-15T18:11:11Z
@yongchoi8257,"어? 비닐이 H mart네...
미국인가요?",0,2025-08-15T14:04:50Z
@김재명-p5w,역시 밥주는 회사다녀야 편함,0,2025-08-14T00:41:42Z
@깜찍이-l8p,그냥 사 먹어라 금액이 비슷하다,0,2025-08-13T12:29:56Z
@오또리형제,시크한 말투 매력있어요,0,2025-08-13T09:49:50Z
@딸기아빠-r1n,다리 떠는거 보러와유 ㅋㅋㅋ,0,2025-08-13T02:18:22Z
@김달참,도대체 계란은 맨날 어디다 던지는거에요?ㅋ,0,2025-08-11T13:30:50Z
@알진,스팸 맛없어,0,2025-08-10T14:26:45Z
@암흑-e5t,아 ㅋㅋ 이 무언가 그냥 별거없어 ㅋ 이렇게 말하는거같은 목소리톤이 너무좋다 유튜브보기 편안한목소리,0,2025-08-10T08:02:27Z
@zrzrhg,앗..  얼마전 다이소에서 구매한 뒤집개랏 같다..ㅎ,0,2025-08-10T04:48:58Z
@sswyo-f4l,한국인가요?,0,2025-08-09T08:31:26Z
@hinatubee,와아 도시락없어도만들어가져가는 랩 주먹밥🎉,0,2025-08-08T22:08:47Z
@쫑-n8h,잘한다 잘해😊,0,2025-08-08T03:46:47Z
@강은정-u9b,언니 너무너무 귀여우세요😊,0,2025-08-08T03:02:40Z
@gracej4915,으아 털털함의 끝판왕ㅋㅋㅋ,0,2025-08-07T11:44:32Z
@글로리-u8h,말투 목소리 ㅜ,2,2025-08-06T21:08:22Z
@gomygomy6289,이언니 손등에 점있네...부자점인디...,0,2025-08-06T13:12:54Z
@쫑쫑-x4f,와 엄청 싸가지없을거같은  목소리예요!    근데  일은 엄청 잘하실거 같아요 !,0,2025-08-06T03:02:44Z
@최승희-n3i,다리를 달달~~~ㅎㅎㅎ,0,2025-08-05T11:51:56Z
@aebun22,다크 서클 ㅎㅎ😂 불쌍함.,0,2025-08-05T11:15:41Z
@정선미-t2d,보기만해도 짜~~~,0,2025-08-03T20:25:57Z
@mvweb2637,오늘은 생존 요리인듯,0,2025-08-03T13:29:33Z
@Jaehoon-q6b,다리터는거 진 짜 ㅎㅎㅎㅎㅎ 열라쿨하시넹,0,2025-08-03T09:22:51Z
@tv-bo5bl,학씨 ㅋㅋㅋ😂,0,2025-08-03T09:00:43Z
@Mememe12349-b,미국도시락은 항상 감자칩같은 과자가 꼭 들어가나요??? 항상있어서 궁금했어요 영화나 미드봐도,0,2025-08-03T03:59:48Z
@Mark-v3q6x,기엽네 잘하네,0,2025-08-02T02:13:17Z
@풍선초록-v7k,사이즈 안 맞는 봉지에 대충 툭 멋짐폭발,0,2025-08-01T06:21:19Z
@김은정-v5d1t,ㅋ 도시락 봉지에 대충 싸가는게 쿨함의 끝이네요😊,0,2025-07-31T18:22:29Z
@뾰롱이-v7e,근~~강은 우짤라궁!!,0,2025-07-31T07:15:49Z
@이은재-b8h,나만 이분 말투 장기하 같냐...,0,2025-07-30T18:41:58Z
@문명자-j3e,이언니  웃기면서  매력덩어리  네,0,2025-07-30T12:42:28Z
@손명애-b6f,"두툼한 양발신발 딱 좋은데용~
신발이 안들어가면..앗..나 살쩠구나..했던 시절이 있었는데..ㅠㅠ..",0,2025-07-29T19:49:06Z
@꿈이언니-g4q,고래밥은 왜 가져감 ㅋㅋㅋㅋㅋㅋ,0,2025-07-27T14:26:16Z
@euk3347,스팸은 소분해서 냉동에 보관해요?,0,2025-07-27T13:15:22Z
@ofantasticlou,현실직장각ㅋㅋㅋ,0,2025-07-24T11:51:54Z
@sekwjwjwjw,아 ㅠㅠㅠㅠㅠㅠ 언니 진짜 매력 미친다 너무 좋아요 ㅠㅜㅜㅜㅠㅠ,0,2025-07-23T16:41:35Z
@이주연-g1s9p,너무 좋아❤❤❤❤❤❤봉투❤❤,0,2025-07-23T09:45:12Z
@이정미-j3w,발터는게 젤로 맘에듬 ~^^ ㅎ ㅎ ❤😂😂😅,0,2025-07-23T03:23:12Z
@Debbie-w3b7i,정말 잘한다!!❤,0,2025-07-22T22:26:00Z
@제니엔젤-l4u,"계란껍질 저렇게 던져
야지",0,2025-07-21T15:50:07Z
@mom-x2k,짠 스팸을 간장넣고 조림??,0,2025-07-21T08:07:11Z
@canlee9615,"겁나 맛나보여용~~
근데 불안끄고 갔어요😅😅 핸드폰찾으러 오면서 끄셨겠죠? 😂😂",0,2025-07-20T15:22:21Z
@lje47100,ㅋ봉다리에 담아가는스킬,0,2025-07-20T06:08:22Z
@김정빈-i5h,대박 ㅋㅋ,0,2025-07-20T04:30:03Z
@ichin0216,도시락가방사드리고싶네요ㅎ,0,2025-07-19T23:09:06Z
@톨밤,말투개킹받,1,2025-07-19T05:21:31Z
@프리지아-d8k,"진짜 센스장이임 
스팸 소분 한것보니 진짜 무심 한듯 하지만 
야무진 언니😊❤🎉",0,2025-07-17T21:15:56Z
@DJK-o3g,다리 떠는거 중독이노~~ ㅎㅎ,0,2025-07-16T00:31:43Z
@루피쓰-y6s,이 분의.. 매력.. ㅠㅠ 이 여자 사랑합미다..❤,0,2025-07-15T21:22:21Z
@christinekim1323,다리떠는거 보러 옵니다 😅,0,2025-07-15T03:32:35Z
@퀸-d2u,이 언니 진짜 부지런하다 모든걸 소분해둠,0,2025-07-14T13:38:37Z
@hahadianadiana,"시크하게 생겨서 
고래밥 봉다리에 챙기는 귀여운 젠언니😉😉😊",0,2025-07-13T00:37:32Z
@김인숙-x5p,"대전사는 중1 손주가 방학때 와서 게임하면서  계속 래퍼같이 혼잣말하는데 앗, 똑 같은 말투, 속도, 억양?! 푸디젠! 손주에게 보여주니 음ᆢ좀 비슷하넹~~^^
저는 김해에 사는 74세 왕팬입니다~~❤❤",0,2025-07-11T00:12:20Z
@김인숙-x5p,레이스양말 이뽀❤,0,2025-07-11T00:02:52Z
@조현주하나님사랑,갑자기 말🎉투에 팬됬어요,0,2025-07-10T02:25:52Z
@CH-ht3xf,와! 뚝딱뚝딱 잘하신다😊🎉👍,0,2025-07-09T17:07:48Z
@puckjiya,"자꾸 보게 되는 푸드젠님 영상들.
하루에 하나씩 계속 보고 있는 중독성❤",0,2025-06-30T01:13:25Z
@Boxerkim,햇반 어디 제품 인가요 !?,0,2025-06-29T20:06:19Z
@짱-e1y,"일도 살림도 요리도 잘하니
남편분 복 받으셨네",0,2025-06-27T07:52:41Z
@cecita1213,계란 껍질 어디로 집어 던지시는걸까요? 비닐봉지 도시락 가방 😂,0,2025-06-27T03:09:55Z
@모닝-o5j,내사랑 고래밥 점심으로 먹을 생각은 못했네요 ㅎㅎ,0,2025-06-27T00:16:11Z
@eunjung180,"진짜 이 언니
너무 매력있어!",0,2025-06-26T09:50:48Z
@dongjoor,"때려넣어요 ㅋ
털털한 모습이 인상적이에요.
마지막 다른떠는거 완전 웃김 ㅋ",0,2025-06-24T13:39:38Z
@저여푸,졸라쿨해이언니…❤,0,2025-06-23T15:19:08Z
@kellyko9672,계란은 항상 어디로 던지는건가요 ㅋㅋ 😂,0,2025-06-23T09:17:40Z
@차차콩콩,마지막에 봉지에 싸가는거 실화임?ㅎㅎㅎ,0,2025-06-22T00:21:39Z
@장미꽃놀이터-x6s,부지런 부지런😊,0,2025-06-21T16:29:42Z
@user-testchannel1,한숨소리 진짜 빡침이 느껴져요ㅋㅋ,0,2025-06-21T15:11:21Z
@toffeelatte5060,아이디어 좋아요! 왜 난 점심으로 주먹밥 생각을 못했지….평생…바보.,0,2025-06-20T21:48:27Z
@50-diet,멋져요❤,0,2025-06-20T15:10:03Z
@미소진-e6h,"이블 너무 재밌어 
진심의 다리떨기 ㅋ",0,2025-06-20T07:53:28Z
@iguref4108,ㅋㅋㅋㅋㅋ영상 너므 좋아..현실감 짱❤,0,2025-06-20T03:12:09Z
@sunghwajeung535,런치백 넘 맘에 들어요 ㅋㅋ,0,2025-06-19T21:18:37Z
@좋은데이-p6g,단무지 넣으면 더 맛있는데 ㅠ 구하기 힘들겠죠?  ㅋㅋㅋ,0,2025-06-18T06:34:25Z
@vivianyoon9711,참~재밌어요 보면서 항상 웃으면서 보고있어요.,0,2025-06-14T16:35:23Z
@에밀리-g5j,다리 떠는 거 매력있어,0,2025-06-14T16:16:25Z
@뀨뀨-k7h,ㄹㅇ,0,2025-06-12T13:34:54Z
@jslee3675,오늘 오전에 와이프 주먹밥 싸줄때 비닐장갑 넣어줬는데 앞으론 랩핑해주면 좋겠군요,0,2025-06-10T22:23:38Z
@shirohell8070,채널 이름 기억 안나서 대충 도시락이라고 검색하니까 나왔어요 ㅋㅋ똑같이 만들어서 출근합니당❤,0,2025-06-10T03:21:24Z
@버네너nana,와 스팸소분 어메이징...,0,2025-06-08T18:04:17Z
@aggiem2248,>< ><,0,2025-06-05T13:52:26Z
@alicelee8488,ㅎㅎㅎ.. 내가 출근하는 이유 ... 점심도시락먹기와 퇴근의 행복감을 만끽하기 위함이라는... 한국은 구내식당도  잘되어있고 회사근처 맛집도 많아서 도시락 안싸도 되겠네요..,0,2025-05-31T00:06:09Z
@Selena0101,스크램블 잘하시네요. 그거 하는 방법이 프라이처럼 했다가 뒤집게로 찔러주면 되나요??,1,2025-05-30T15:38:58Z
@블랙커피-g7w,"말투가 넘 중독적이라 계속 보게됨,,,❤",0,2025-05-29T21:39:08Z
@gkszja8041,개웃겨요,0,2025-05-29T04:43:33Z
@송지순-m4l,늘 화끈해,0,2025-05-28T03:51:39Z
@tk8398,빠르시네여 근데 몸에 안조은것들임,0,2025-05-24T15:12:14Z
@배르냥,"별거 없는 처자 너무 좋아하는 팬이에요~ ㅋ
이영상 울아들 아침으로 저장 저장!!",0,2025-05-24T10:47:19Z
@tensi-m9k,이 언니 릴스 뜰때마다 말투 너무 킹받는데 중독성있어서 그냥 넘기질 못하고 다 보고 넘김...,0,2025-05-23T23:29:25Z
@김유튭-s6q,다리떠는거 보는재미 꿀이에여😂❤❤❤❤❤ㅋㅋㅋㅋㅋ,1,2025-05-19T06:00:21Z
@김유튭-s6q,ㅋㅋㅋㅋㅋㅋㅋㅋㅋ 다리떠는거 나올때까지 기다리는재미 🙈🤍🤍🤍🤍🤍🤍🤍,1,2025-05-19T05:59:49Z
@시경-i6e,걍 너무 좋아~😊❤,2,2025-05-17T03:36:24Z
@phrygiha,아니 도시락 가방 봉다리ㅋㅋㅋㅋㅋㄱㅋㅋ,1,2025-05-15T17:47:13Z
@하하-g6p1v,ㅎㅎㅎㅎㅎㅎㅎ시원시원하고 귀여우심ㅎㅎ,1,2025-05-11T14:23:15Z
@싼타버거,진작 이런분을 만났음.. 얼마나 좋아.  행복하시길.. 다음생애에 꼭! 뵈요,0,2025-05-11T09:27:48Z
@momentflights,다리떨기 엔딩 너무 중독적이에요. 😂,1,2025-05-10T14:44:41Z
@daroonk5549,진짜 귀찮으면 그냥 볶은 스팸+스크램블 에그 밥에 때려넣고 마요네즈+돈까스소스+김가루 뿌려 주먹밥하시면 진짜 짱맛있고 편해용,1,2025-05-08T12:43:55Z
@레인보우브릿지23,냉동실 작은듯한데도 식재료 많네,0,2025-05-06T04:18:10Z
@헬레니즘,"저 두덩이로 되나 한 4개는 먹어야
할 듯",1,2025-05-05T15:37:43Z
@송정은-j4k,아~바빠돌아가시겠지만...넣을건 넣어야지😂,1,2025-05-05T06:21:35Z
@lucidyen2816,간장은 어떤간장 넣어야하나요? 진간장?,1,2025-05-05T04:30:53Z
@ggaaadssda,말투가 킹 받아서 좋음 ㅋㅋㅋ❤,3,2025-05-05T00:40:57Z
@이냥-z7b,난 스팸은 얇게 바싹 하는게 존맛인데,1,2025-05-04T16:07:24Z
@향희의일상,"넘웃겨여 봉지째 들고나가는거
간단하고 맛있겠네여ㅎㅎ❤",1,2025-05-04T06:46:19Z
@권전복-r4t,"뭐하시는 분이신지?
집밥을 너무 잘해드시네요
더더구나 외국에서 말입니다.
너무 대단하십니다. 고수 인정",1,2025-05-03T15:23:59Z
@jongseoksong3325,"볼때마다 느끼는건데 
목소리 말투가 영상이랑 너무 잘 어울려요 
좋아요 ㅎㅎ😊",1,2025-05-02T22:37:00Z
@ggjjacd,저걸로 배가차다니,1,2025-05-02T16:03:43Z
@이브애플,갑자기 이 레시피기 떠올라서 대충 후리카게랑 김 생략하고 만들었는데도 너무 맛있어요..진짜 딱 아는맛 그자체.. 김치랑 먹으니 간도 딱 맞아요 진짜..,0,2025-05-02T14:49:15Z
@붕어빵-n3t,나 이거 군대서 먹어본거 같은데;;;,0,2025-05-02T13:23:18Z
@황금나무-u4m,이분너무 사랑스러워요~~,0,2025-05-02T08:52:20Z
@happysong7,다리떠는거  왜케 귀엽죠,1,2025-05-01T21:28:49Z
@쭌빠-f9s,웃으면 더 좋을듯,0,2025-05-01T12:38:30Z
@워니-n3w,"계란은 어디에다 그렇게 던지실까?ㅎㅎㅎ
넘 잼나요~~~
오늘도 통쾌 유쾌",0,2025-04-30T06:03:21Z
@gdahn4341,진짜 효율적으로뚝딱요리하시네요><,0,2025-04-30T03:00:24Z
@2haslam,옷 넘 이쁨!,0,2025-04-30T00:37:22Z
@Walkawayworkandworkout,양말이랑 로퍼 센스 대박이다,0,2025-04-29T15:28:07Z
@vmflaldjayoutube7242,스팸은 소분하지만 도시락 통 따위는 없이 봉다리에 싸가는 갭차이...❤,1,2025-04-29T07:54:02Z
@조한기-h3b,목소리모야,0,2025-04-29T07:49:34Z
@herenowmom8794,ㅋㅋㅋ 그냥 재밌엉,0,2025-04-28T13:42:48Z
@randomuser1673,해외에서 도시락 싸다니는 직장인이라 도시락 시리즈 넘 좋아요 자주해주세요😭❤️,2,2025-04-27T16:37:10Z
@나난-u4w,ㅋㅋㅋ 😂,0,2025-04-27T13:53:57Z
@체체리-s6w,아진짜 너무 좋아요 진짜 유튭에 가짜도시락 많은데 이게 진짜아닙니까!?!?!❤❤,0,2025-04-26T18:01:28Z
@SSK-r6o,건강에는. 너무 안좋겟습니다 ㅠㅠㅠ,0,2025-04-24T02:30:11Z
@머-w9u,인이브,0,2025-04-23T08:53:34Z
@머-w9u,아이브,0,2025-04-23T08:52:55Z
@mooiiiz5606,인간적이어서 좋습니다  감사합니다,0,2025-04-22T14:43:17Z
@이회준-w4e,"아~이분 중독성ㅠㅠ
나도 모르게 같이 다리 떨고있어어요ㅠㅠ",0,2025-04-22T14:36:49Z
@HJ-mw5cc,완벽한  요리채널보다 백백 공감 백배  목소리 나른하면서 세상귀찮은 목소리 느무 좋아...   귀찮은 나  구독버튼 못 누름😅,0,2025-04-22T07:12:29Z
@haulhaul1616,비닐봉다리 런치백 취향저격!!!!,0,2025-04-22T04:05:49Z
@NICE_1212,존나짜겠다..스팸에 소금을,0,2025-04-21T17:39:29Z
@햇쌀-s7g,"불켜놓고 나갔다가 다시들어와 영상끄고 불끄고 폰챙기고 문잠그고 출근.

점심먹고 고래밥까지 ㅋㅋ
저녁은 진수성찬으로 드셨길요^^",0,2025-04-21T05:39:27Z
@Chae-q9q,후라이팬이 코팅이 잘돼있는 것 같다.. 정보 좀 주세요❤,0,2025-04-20T20:14:45Z
@kimsm010,이뿌다,0,2025-04-20T11:39:32Z
@윤희정-u4c,ㅋ 너무 웃겨요😆,0,2025-04-20T03:24:28Z
@물빛-s4m,이런 성격 너무 부럽네요 ~~~,0,2025-04-20T00:22:37Z
@jungmiyoon7087,"아는 맛이 더 무서워 ❤
ㅋㅋㅋㅋ멘트 너무 웃김",0,2025-04-19T14:42:32Z
@프로불편러-b9w,"바빠 디지시겠지만.. ㅋ
빠른걸음이지 절대 뛰지 않고 층간소음 제로에 도전하는 뛰어난 시민의식!",0,2025-04-19T04:27:18Z
@GinaChung,"하하하, 마지막 똘똘 뭉쳐 한입에 쏙...",0,2025-04-18T20:58:55Z
@연서-u8g,항상 생각하는 건데 옷을 너무 잘 입는다... 멋있어요,0,2025-04-18T18:13:10Z
@supersupersupershy,이 시큰둥한 나레이션 중독적….,0,2025-04-18T16:15:00Z
@MariaH-gn8od,아 진짜 말투 넘 웃겨요 재밌게 잘 보고 있어요^^,0,2025-04-18T12:39:33Z
@배곮,현실적이여서 넘좋네여😂,8,2025-04-17T14:39:40Z
@최윤예-y7i,무심한 나레이션...실패없죠 ㅋㅋ,0,2025-04-17T14:30:33Z
@쏭쏭-o6g,스팸 간장안넣어도 짠데 간장까지넣네..,0,2025-04-17T14:29:24Z
@jasonham5036,그와중애 구두 이쁘네요,0,2025-04-17T12:59:21Z
@은수아빠-j6v,볼수록 김지혜씨 닮았어요. 갈갈이 박준형 와이프,0,2025-04-17T05:34:26Z
@JiminJung-u4z,이러니 살찌지 아이구,0,2025-04-16T22:38:02Z
@삐융삐융-n2k,표정이 진짜 직장인 표정이야,0,2025-04-16T16:22:41Z
@체리쉬-z3r,아니근뎈ㅋㅋㅋㅋㅋㅋㅋ 외국에 계신지 모를만큼 온통 한국음식들 ㅋㅋㅋㅋㅋㅋㅋㅋ ㅠㅠ,0,2025-04-16T15:17:02Z
@여행하는사막여우-k4s,말투ㅗㅁ고쳐봐요  알고리즘에 뜨면 등신같아서스트레스유발되요 내용은좋아요,0,2025-04-16T14:15:54Z
@순돌26,"스팸, 나도 바로 일어나서 슬라이스 해 둬야징~~~♡",0,2025-04-16T13:52:20Z
@1OwO7414,고래밥 침투력무엇 ㅋㅋㅋㅋㅋㅋㅋㅋㅋㅋㅋㅋㅋㅋㅋ,0,2025-04-16T13:46:56Z
@stella65029,"저렇게먹으면안돼요.
야채는하나도없고",0,2025-04-16T12:50:34Z
@lim3982,"이분 구찬다는거는 말뿐입니다.
엄청 부지런하신 분...
손 보면 압니다.",0,2025-04-16T12:39:51Z
@sunshine_l,매력있어❤,0,2025-04-16T09:42:56Z
@websterkoh8919,내가 밥 해준다니까~,0,2025-04-16T07:47:25Z
@보스김,코리아가 아니네요,0,2025-04-16T04:13:48Z
@마이찬-e4x,말투!,0,2025-04-16T01:16:35Z
@진의스피치잉글리쉬,예쁘다,0,2025-04-15T23:46:01Z
@레인보우브릿지23,스팸소분은 어떻게 하세요?,0,2025-04-15T23:10:27Z
@레인보우브릿지23,ㅋㅋ 개그맨 같아 왜이리 말투가 재밌어요,0,2025-04-15T23:09:29Z
@웬만아저씨,플로리다로 시집간 살림꾼 윈터,0,2025-04-15T09:51:50Z
@서나-e2l,유튜버 알간지님 목소리같아요!!,0,2025-04-15T07:48:15Z
@빵돌이-d1z,말투는 아~귀찮아! 대충 대충 이런스타일인데..몸과 손은 복잡한거 간단하게 만드는 요리사임.,0,2025-04-15T06:03:13Z
@s2rachel981,아놔 진짜 저 비닐 봉지 ㅋㅋㅋㅋㅋㅋㅋㅋㅋ 매력쩔어 ㅋㅋㅋ,0,2025-04-15T02:31:54Z
@newrich1970,계란던지는거 박력있어요 ㅋ ㅋㅋ,0,2025-04-15T01:50:36Z
@도파민영어TV-s3e,볼때마다 웃겨서 자주 뵙게 되네요 ❤❤,0,2025-04-15T01:29:05Z
@lifeoftina1800,It threw me off watching a Korean style vlog with Korean ingredients but the background is american 😂,0,2025-04-14T22:25:45Z
@롸켓-v9z,다리떠는게 킬포  ㅋㅋㅋ,0,2025-04-14T18:26:18Z
@spesest11,미국에는 우리나라 같은 스팸 없는데 어떤 스팸 쓰시나요?,0,2025-04-14T17:38:05Z
@jessicalee7291,다리에 살은 안 찌실듯😂,0,2025-04-14T17:01:38Z
@믿음-i1y,"스팸에랩에 입맛뚝
차라리 야채를 씹어먹어라",0,2025-04-14T16:41:03Z
@inare_diary,조아써 내일 아침메뉴닷!,0,2025-04-14T15:46:48Z
@용이-g2w,목메여... 계란국 마렵다...,0,2025-04-14T15:21:32Z
@고세찬,목소리톤,0,2025-04-14T14:54:25Z
@oh.y.b,"멘트와 영상이 찰떡이네요~^^
잘보고 갑니다😂",1,2025-04-14T13:25:02Z
@Oming-n9i,귀여우심😊😊,0,2025-04-14T12:53:37Z
@행복-d1d,혼자살자😂,1,2025-04-14T12:46:35Z
@belle_-_-,말투가 너무 좋으심ㅎㅎㅎ 뭔가 무심한데 중독적,0,2025-04-14T11:09:08Z
@sanbbong4903,근데 고래밥은 뭔데,0,2025-04-14T10:11:32Z
@고은-e3g,근데ㅡ궁금 한데 고래밥은 왜 싸 가셨나요?!??ㅋ,0,2025-04-13T16:45:23Z
@빌리맘80,"발떠는게 이제 너무 귀엽게만 느껴져요 ㅋㅋ
우리 초5 아들도 해주거 싶은 주먹밥이네요 😊",0,2025-04-13T15:16:29Z
@코딩-j6w,소분여왕..,0,2025-04-13T14:18:28Z
@에르메스-z7p,계란은 흰색만 먹나요?,0,2025-04-13T12:34:25Z
@힐튼개미,다른데서 나온 레시피,0,2025-04-13T12:18:06Z
@Reneleah0915,"언니의
시그니처는 다리떨기
ㅋㅋㅋㅋㅋ",0,2025-04-13T08:46:40Z
@지니요-h6r,스팸 소분 👍,0,2025-04-13T08:41:38Z
@인생봄날-k7h,"쿠쿠 밥솥 미국 수출용인데...
아메리카인가 보네..",0,2025-04-13T07:41:02Z
@llllllllllillllllllll-04,계란껍질 냅다 던지는거 귀여움 ㅋㅋㅋㅋ,0,2025-04-13T07:07:09Z
@yunjs1973,진짜손으로꽝뭉쳐서먹는마지막 재미짱,0,2025-04-13T06:03:03Z
@inaj1335,학c ㅋㅋㅋㅋㅋ,0,2025-04-13T04:35:03Z
@godmeyoung,저 스팸 졸일 때 매실액이랑 물 약간 같이 넣어서 졸이면 극락,0,2025-04-13T00:26:17Z
@msoh3075,어라? 신고 나간 신발이 저 갈색 로퍼가 아니었는데?!🤔🧐😁,0,2025-04-12T23:39:49Z
@유연숙-m8y,한아름 봉다리에 ㅋㅋㅋ 맛만 좋으면 돼 ㅡ미국 실용주의자,0,2025-04-12T23:30:07Z
@ToBeTotoz,언니 닮고 싶어여...,0,2025-04-12T13:48:35Z
@김션-w1x,계란 껍질 어디로 던지시는거에요 ㅋㅋㅋ,0,2025-04-12T11:12:58Z
@youngokim8495,"ㅎㅎㅎ H 마트 비닐 봉다리. ㅋㅋㅋ
요즘은 종이봉투 주든데..
봉다리로 다시 돌아가면 너무 좋겠는데..
배고파서 스팸에 김싸먹어야겠네😂😂😂",0,2025-04-12T10:52:27Z
@말티흰둥,언니 다른이야긴데 신고있는 워커 정보좀 주실 수 있나여..❤,0,2025-04-12T08:30:11Z
@lkshwvhskana,ㅋㅋㄱ비비다가 쏟는거 공감ㅋㅋㄱㅋ,0,2025-04-12T08:00:20Z
@최상철-n6n,ㅋㅋㅋ설명이 아주 끝내줘요~~ㅋㅋ😂😂,0,2025-04-12T07:53:03Z
@re-create6662,맛난거 먹으면서 다리떨기운동하는 일석2조군,0,2025-04-12T06:08:46Z
@김지영-r8g3x,미인이세요😊,0,2025-04-11T17:40:46Z
@황숙자-r9o,😅왔~써요~~그시간 ㅎㅎ,0,2025-04-11T16:49:46Z
@easycafe6963,이러다가 군대 봉지밥까지 나올지도...,0,2025-04-11T16:19:34Z
@sw2tyyy,"밥먹기 너무 귀찮았는데 푸디젠님 영상 보고 힘내서 일어나서 밥짓고 알려주신 레시피 대로 똑같이 해먹었어요!
역시 집밥이 힘나요! 늘 재밌게 감상하고 따라하고 있아요. 고맙습니다⭐️",0,2025-04-11T14:29:36Z
@heselk5067,"바쁜 아침 고딩이들 아침밥메뉴
도움많이 받고 있어요 진짜 간단히 빠르고 맛있게 할수있게 해줘서 감사해요",0,2025-04-11T13:53:13Z
@레몬라떼-j8u,"미쿡사시는분이셨네요❤
쉽게 후다닥 요리😊
넘 부럽네용~해외생활의 어려움도
있겠지만 행복하고 즐겁게 아자홧팅❤
일상을 응원하겠습니다🎉",0,2025-04-11T12:57:53Z
@soso-v8i,ㅎㅎ ㅎ 배우 하셔도 응원여~~😊,0,2025-04-11T09:05:30Z
@GyoulHan-j9y,😂 잘챙겨먹으니 엄마가 안심이겠다,0,2025-04-11T07:42:01Z
@mystery_pippi,귀여우셔라 😊😊,0,2025-04-11T06:39:44Z
@user-ri2wf1tv3u,언니 회사생활도 찍어주세요!!,0,2025-04-11T04:51:37Z
@해워니종이비행기,마지막에 맛있어서 발떠는거 봐~,0,2025-04-11T02:14:57Z
@조윅,"아닠ㅋㅋ 막 다 대충하는데 매번 소분 착착,정리 딱!딱! 되어있으심 ㅋㅋㅋㅋㅋ",0,2025-04-10T13:29:27Z
@jeffcho6434,h 마트 봉다리.. ㅎㅎ,0,2025-04-10T13:12:24Z
@귀여운여유,"학씨 ㅋ
유쾌한 그녀 ㅎ
솔직함 끝판왕",5,2025-04-10T07:40:24Z
@eunheechoi7844,사실주의 그 자체,0,2025-04-10T06:50:18Z
@에르메스-y2o,우와 구독합니다~^^,0,2025-04-10T05:26:16Z
@깨몽-m8s,집이 예뻐용 😊 거실 얼굴 드로잉 액자랑 작은 액자들 정보 좀 주시면 감사해용,1,2025-04-10T05:00:37Z
@블루문-s9u,후리카케 제품명 궁금해요^^,0,2025-04-10T03:20:05Z
@행복꽃길-c3h,항상 보면 느끼는거지만 말은 세상 귀찮은사람 근데 손 겁나 빠르고 부지런하심 머리회전이 빠른거같음,1,2025-04-10T02:27:32Z
@joyh4465,"하하하하하 😅 정말 대단한 분👍🏻 먹을때 행복을 다리떠는거로 표현~~ 편집솜씨도 대단!!👍🏻  암 만해도 연기자 출신?!😊
이분때문에 없던 식욕이 막생겨서 귀찮아도 따라 해보는중",3,2025-04-10T02:12:35Z
@dalkkkkk,"와~~~  비닐봉다리 너무 좋아 너무 좋아 
이쁜 도시락 가방 필요없다 이거야 
봉다리 쵝오~~!!",0,2025-04-09T23:08:47Z
@락-i1z,"제가 이분처럼 요리해서 먹고 싶어서 똑같이 따라했는데,, ㄹㅇ 이분이 얼마나 야무지고 빠르신지 알겠음ㅋㅋㅋㅋㅋㅋㅋㅋㅋㅋㅋㅋㅋㅋㅋㅋㅋㅋ",0,2025-04-09T22:35:16Z
@새벽별아르웬,"세상 털털하신분...이신거 같지만...
아닐수도 있다는 느낌이^^",0,2025-04-09T16:23:38Z
@롱런-i8l,목소리 완전 매력넘침 !  자꾸 듣고 싶어요,0,2025-04-09T15:04:29Z
@damsocafe,ㅎㅎㅎㅎㅎㅎ 난 왜 이런 비디오를 못찍을까 ㅋ 존경!!,0,2025-04-09T12:26:43Z
@쥐오,언니 영상이 너무 좋아요ㅋㅋㅋ 인스타에서도 유튜브에서도 안넘기고 다 봄ㅎㅎㅎㅎ❤,0,2025-04-09T12:20:31Z
@까르페디엠-m1w,말투가 건방건방,0,2025-04-09T12:04:07Z
@hfssxhhfszzx,넘 재밌어요 ~~~~마지막다리 떠는거 넘 귀여웡,1,2025-04-09T11:32:25Z
@한선희-f7m,마구잡이~~*,0,2025-04-09T11:06:10Z
@Maha-Sattva00,"맨날 별거웁데 🤣🤣🤣🤣
여튼 감사함돠 낼 고고합니다 
댕댕이 산책할때 들고가야짓🤩🤩",0,2025-04-09T10:57:24Z
@여자김미자-j5m,영상  😊재미지게 잘 만들었어요,0,2025-04-09T05:32:16Z
@끝까지-y4l,ㅋㅋㅋㅋㅋㅋㅋ,0,2025-04-09T04:23:32Z
@킹도은,짤거같아요ㅜ,0,2025-04-09T04:18:01Z
@user-ki7ud6ow9b,아 이언니 머리가좋아^^요리도 머리가좋아야 맛있게 빨리하더라고요...아 난 머리도나빠서..맨날뭐해야될지모르게쒀~~ㅋㅋㅋ,0,2025-04-09T03:40:47Z
@darongandjjurri,서랍 과자들이 다 제취향 씨리얼 고래밥 바나나킥 옥수수깡..❤️,0,2025-04-09T03:11:23Z
@Lm-bu4kz,빽종원이네,0,2025-04-09T02:36:35Z
@김해진-r3y,"대강만들어
철처히 만나게
지구촌완죤식품♡",0,2025-04-08T23:51:15Z
@꼰님-z8u,저도 행복해요^^,0,2025-04-08T21:08:57Z
@해피스푼-365,"기획력이
대단하시다 
엄청난 세심힘으로 무심함을 만들어내네요",7,2025-04-08T19:05:31Z
@반공애국,"그와중에 고래밥 ㅋㅋ..당근,양파 등 야채가 필요해~~~",0,2025-04-08T17:32:52Z
@ARMYBTS-cs5lg,"친정엄마께서 바지런해야 한다 하시는데,
이 모습이군요!
부지런함이 기본 탑재된 젠님~",0,2025-04-08T17:11:39Z
@nobodykim8070,병걸리것다,0,2025-04-08T14:17:46Z
@g.h.4998,말투 뭔가 중독성있어요~^^,0,2025-04-08T14:08:09Z
@황산맛캔디,이 동영상의 최고는 마지막 다리 떠는것이 최곱니다❤❤,7,2025-04-08T12:28:24Z
@이미경-j7b8z,오원식 국회의장 될 때 탈당한 1인,0,2025-04-08T12:22:49Z
@문크리스탈파워-h8b,언니 사랑해요,0,2025-04-08T12:18:30Z
@유럽-g3c,목소리 원래 퉁명스럽나?,0,2025-04-08T11:51:23Z
@mikhinaturi,"항상 말은 빨리 빨리 귀찮 귀찮 하지만 제잏 부지런 할 거 같은 유튜버 1위ㅋㅋㅋㅋ
나도 한때는 ‘그냥 대형 통신사 써야지’ 했는데, 시월모바일 알뜰폰 써보니까 왜 굳이 비싸게 썼나 싶었음",870,2025-04-08T11:34:24Z
@박영자-n1m,멎져요 ~,0,2025-04-08T10:49:57Z
@와우-j8d,이 정도면 간단하지않은데요? ㅋ,0,2025-04-08T09:51:58Z
@Wonwonwons,너무 좋아 ㅋㅋ,0,2025-04-08T09:44:53Z
@slowslowquickk,출근할 맛 나겠드아!!👍🏻,0,2025-04-08T09:40:17Z
@욱-k1o2v,저런걸루 한끼가 됐다믄 난 지금보단 더 잘 살았을꺼 같네 ㅠㅠ,0,2025-04-08T08:05:08Z
@Haein7857-n7v,헐ㅋㅋㅋ.  귀엽네요ㅋ,0,2025-04-08T07:50:45Z
@센텀이,"너무웃겨요
더렁거리는것같지만
주방 청결하고
식재료마다 소분 한것보면
보통살림꾼아니네요",0,2025-04-08T07:46:01Z
@JS-if9ix,"스팸 소분해놓으신 거 대단하세요 진짜
귀찮아서 걍 유리 용기에 옮기고 냉장고에 뒀다가 며칠 내로 빨리 먹을 생각만 했지 저런 거는 몰랐네요",0,2025-04-08T07:43:16Z
@ayobro5823,"저는 밥할때 병아리콩, 현미, 귀리 섞어서 넣고! 물 맞춘다음 벌크로된 라면스프가루 큰수저로 두스푼반 넣고 밥을 하거든요! 그럼그냥 라밥이 완성됩니다. 한번해보셔요. 자극적이지 않고 그냥 게속당김. 마른김에 싸먹음 더 맛남 ~.^",0,2025-04-08T07:20:56Z
@멍꿀멍꿀멍꿀,전술훈련가서 위장크림에 땀에 모기때와 사투를벌이며 먹던 비닐밥이 생각나버렸다 ㅇㅇ,0,2025-04-08T07:14:17Z
@황현숙-g3d,최고예요 ❤,0,2025-04-08T06:31:06Z
@민덩더렁,헐 스팸 소분..,0,2025-04-08T06:22:39Z
@항상배고프다-j7o,말투가별로....,0,2025-04-08T06:19:32Z
@Forwarding-n8x,마지막 봉지에 쿨하게 ㅋㅋㅋㅋ,0,2025-04-08T05:47:10Z
@니생각은,장가가시면 사랑받으시겠어요,0,2025-04-08T04:57:24Z
@이애쁨2-k5r,언니 우리언니해주세요,0,2025-04-08T04:38:55Z
@박효선-z9e,쎈스있다,0,2025-04-08T02:41:12Z
@도리-c7c,바쁘지만 곳곳에 카메라는 설치해야해,0,2025-04-08T01:18:43Z
@user-kh4mp3hz5n,아침마다 내모습이랑 거의 데칼코마니 비닐에 과자까지 우겨놓고 ㅎ,0,2025-04-08T01:14:13Z
@쪼끔씩만,맨날 대충 이라는데 음식 소분 해논거 보면 야무지시네~~,0,2025-04-08T00:52:31Z
@라라라-r4b,ㅋㅋㅋㅋㅋㅌ아찐짜….!!!!!ㅠㅠㅜㅜㅜ 너무 유익해요 ㅠㅠㅠㅠㅠㅠ😂😂❤,0,2025-04-08T00:29:12Z
@kyungheelee6855,"댓글 달고 갑니다.
화이팅입니다 ~~~😂",0,2025-04-07T23:16:31Z
@은하수-w5o,도시락이 비닐봉지다. 몬산다~,0,2025-04-07T22:39:26Z
@luther8364,와따~ 빽햄은 없어유?,0,2025-04-07T18:16:12Z
@씩씩부엉,김 어디 갔어 김 할때 쇼파에 우디 졸귀 ㅠㅠㅠㅠㅠㅠ❤,0,2025-04-07T16:02:18Z
@TheRealTheRealTheReal,ㅎㅎㅎㅎㅎㅎ영상 찍느라 더 늦었다고 하시니 이럴땐 좋아요를 눌러야할 것 같아서 꾸욱~!,0,2025-04-07T15:52:57Z
@토집사와토끼일상,어...안짜요 ? 스팸에 소금 범벅에.,1,2025-04-07T15:33:23Z
@몽상가-e3o,그렇죠! 바빠도 넣을건 다 넣어야죠!👏👏👏👍👍,0,2025-04-07T14:25:16Z
@강엔젤-c8e,"시판하는 김가루 쓰세요ㅎㅎ
고래밥, 바나나킥...😍  제니가 미쿡방송에서 즐기는 과자라고 소개해줘서 최애 간식과자됨~👍😉
서랍에 다 있네요ㅎㅎㅎ",0,2025-04-07T14:24:59Z
@pickerz,숨을 쉬십쇼~ 코가 막히셨나요.,0,2025-04-07T13:57:39Z
@호돌이-d8k,ㅎㅎ12시 땡,0,2025-04-07T13:28:14Z
@loko287,다리왜떨ㅋㅋㅋ,0,2025-04-07T13:24:51Z
@carlos-pn4sb,바쁘지만 찍어야해!,0,2025-04-07T13:06:53Z
@바람이되고싶은자,"밥솥에 밥이 없지만 당황하지 않고
즉석밥 찾음 
노련해",0,2025-04-07T12:54:36Z
@PiNK_빤쮸우사기,봉다리 ㅋㅋ,0,2025-04-07T12:29:24Z
@PiNK_빤쮸우사기,바빠 돌아가시..ㅋㅋ,0,2025-04-07T12:29:16Z
@주바라기-x3p,ㅋㅋㅋㅋㅋ 현실적이라 빵 터짐용😂😂😂😂😂😂😂😂귀여워요 초면에 미안해요😊,0,2025-04-07T12:25:50Z
@장미경-p9k,ㅋㅋㅋ 😊,0,2025-04-07T12:24:05Z
@욜르르,"다른거 다 필요없꼬
언니
제발
내일도
행복하세요!❤
(구독 찜!)",0,2025-04-07T11:59:21Z
@jaychung6913,"우와 멋있어ㅠㅠ
고래밥 귀여웤ㅋㅋㅋㅋ",0,2025-04-07T11:11:47Z
@djeeu6510,스팸소분.와.한통다먹긴 좀 그랫는데 킵해봅니다.~^^,0,2025-04-07T11:07:40Z
@성이름-p2i2p,군대때 먹던 봉지밥생각나네요 ㅋㅋ,0,2025-04-07T11:07:16Z
@hojinkang2865,말투 집꼴 생긴거 요리솜씨 진짜 개됻같네,0,2025-04-07T11:05:02Z
@유마르띤,"마지막 시그니처 
다리 달달달~~ ㅋㅋㅋ",0,2025-04-07T10:20:42Z
@푸른보석-p4d,시크해,0,2025-04-07T09:55:49Z
@감사합니다-w8h,스트레스가  확  풀리네요...  이런  생활밀착형 도시락  완젼  내스타일이야,0,2025-04-07T09:43:19Z
@생선대가리-1,"매일매일 의문

후리가케인지 후리카케인지 후리카게인지 후리가게인지 넘 어렵다",0,2025-04-07T09:38:45Z
@쿠쿠이,류현경+라붐 유정ㅋ,0,2025-04-07T09:21:42Z
@삼순이는야옹,단백질+지방+단백질+탄수화물,0,2025-04-07T08:56:35Z
@애플-o2w,어머 댓글 안달수 없어요^^ 저도 고래밥 사랑❤ 매번 극 공감 해요❤,0,2025-04-07T08:27:28Z
@Joy-t1e8r,와 마지막 꿀팁까지❤,0,2025-04-07T08:01:29Z
@offthewj,언니 사랑합니다,0,2025-04-07T07:53:10Z
@eunjungko2419,말투 끝부분 올라가는거 넘 웃겨요 .,0,2025-04-07T07:15:01Z
@WheelofFortune-c7e,무심한 말투~중독성 있어요~♡,0,2025-04-07T06:48:15Z
@Deamong,아침에 영상을 찍는다는 사실 자체가 당신은 프로브지런짱짱녀란뜻❤,21,2025-04-07T05:30:31Z
@gracepark4762,ㅋㅋㅋㅋㅋㅋㅋ 항상 꿀잼😂!!!,0,2025-04-07T05:00:29Z
@맥주에미친놈,스팸은 냉장보관인가요 냉동보관인가요??,0,2025-04-07T04:13:49Z
@bdnausn2826,랩 환경호르몬 나온다. 좁쌀만한 피부트러블 생김,0,2025-04-07T03:38:57Z
@JMK-be8gj,목소리너무 좋아요❤,0,2025-04-07T03:32:27Z
@startup-nd9hz,ㅎㅎ 보면 기분 좋아지는 언니!!,0,2025-04-07T02:54:57Z
@김효진-x5h2x,너무웃겨 좋아요,0,2025-04-07T02:23:21Z
@이가희-j2j,"ㅋㅋㅋㅋㅋㅋ 서랍장에 씨리얼초코, 고래밥,바나나킥 ㅋㅋㅋㅋㅋㅋ아니 다 내가 조와하는거네❤ 스팸계란 주먹밥도 짱 ㅋㅋㅋㅋㅋㅋ 진짜 아는맛이 더무서운거 맞음 ㅜㅜ",0,2025-04-07T01:43:17Z
@人生得意须尽欢-b4q,겁나 기여워요~~ ㅎㅎㅎ ❤,0,2025-04-07T01:26:57Z
@냥냥호호-t3v,혹시 화나셨떠여..??😂😂,0,2025-04-07T00:51:24Z
@joolmano,아! 행복해요👍,0,2025-04-07T00:03:12Z
@vida0128,학C😂😂😂,0,2025-04-06T23:54:48Z
@mini3993,ㅋㅋ,0,2025-04-06T23:28:08Z
@주미노-l9y,혼자 보세요 찍어 올리지 마세여,0,2025-04-06T23:01:24Z
@우유-d5n-v4z,"와 이분 목소리 말투  겁나 매력쩐다 !
정독하고 갑니다",0,2025-04-06T22:40:47Z
@박하향-x6m,전에 싸갔던 주먹밥보다 안왕거니😂 실망이예욬ㅋㅋㅋㅋ,0,2025-04-06T20:11:24Z
@Thanks-life,천재😂❤,0,2025-04-06T17:14:34Z
@최르밍이,"와….통조림햄 회사 직원으로서…아예, 소분해서 냉동보관
해놓으신거 보고 소름돋…..집에 굴러다니는 반품용 제품들
다개봉해서 소분해서 얼려둘까봐요….왜더 신선해보임….?👏👏👏👍👍👍",0,2025-04-06T16:17:35Z
@jin-ahju3270,하여간 그냥 넘어가는 법이 없는 꿀팁들😂😂😂,0,2025-04-06T15:58:21Z
@alwaysbyyourside2376,디젠 푸님 미슐랭 3스타 드려라.,0,2025-04-06T15:24:49Z
@냄냄-x2i,한국인 국룰 햇반 아닌 즉석밥도 햇반이라함 ㅋㅋㅋㅋㅋㅋ,0,2025-04-06T15:09:10Z
@hyeon-jeongkim1334,"학...C ㅋㅋㅋㅋ
비닐봉다리 도시락",0,2025-04-06T15:07:43Z
@jungha-x7t,ㅋㅋㅋㅋ,0,2025-04-06T14:39:23Z
@혀나-z1z,말투 내스탈❤,0,2025-04-06T14:18:33Z
@신정혜-w5t,바쁘지만 카메라 위치 계속 바꾸는 스피드 ㅋㅋㅋㅋ,0,2025-04-06T14:03:55Z
@Bluewind-r3r,왔 어요. 그시간이.  ㅋ 😊,0,2025-04-06T13:43:55Z
@경미이-d7f,현실감 극대화 ㅎ,0,2025-04-06T12:44:14Z
@miraclewarez,아줌마인가여?,0,2025-04-06T12:43:51Z
@은주이-g7o,이분은 진짜내스퇄~ 이뿌신데 이쁜척안하시구 진짜 쿨해~~,25,2025-04-06T11:36:08Z
@고수먹기고수,스팸 소분 대박 저도 해봐야겠어요,0,2025-04-06T11:00:29Z
@김정아-j7b,"아 언니 참 휘뚜루 마뚜루
내스퇄이야~~~
비닐봉다리에 무심코 툭~~~
뭣이 중헌디 의 정석이라고나 할까?",0,2025-04-06T10:59:39Z
@춤추는탬버린-d6n,언니 체고,0,2025-04-06T10:27:56Z
@ahj5048,신발 어디꺼에요~  이뻐용,0,2025-04-06T09:26:26Z
@slvjsk,"진짜 하기싫은데 그렇다고 또 대충은 싫어 
툭툭하는데도 야무진 손길이 너무 잘느껴짐 ㅋㅋㅋ",0,2025-04-06T09:09:55Z
@벤자민-h1w,다리떨기ᆢㅋ,0,2025-04-06T08:52:03Z
@이몽룡-m5i,달걀껍질 휙휙 던지는데 정리는잘하시는분 ㅎ,0,2025-04-06T08:48:07Z
@영미문-g1o,"오  저도 그렇게 만들어서챙겨가야겠네요~
좋은하루요~",0,2025-04-06T08:14:42Z
@솜이하살법,오후근무이지만 어중간하게 1시 출근이고 지하철+도보 40~50분거리[버스 직통이면 거의 50분 이상임]인지라 아점 빨리 먹고 나와도 근무하다보면 보통 배고픈게 아니에요. 근데 또 중간에 있는 휴게시간이 30분이라 빵 하나랑 우유로 허기달래는건 그나마 괜찮은데 이게 밀가루라 좀 그렇긴하네요. 근데 이 영상이 눈에 띄였다? 내일 시도해볼만하네요. 아침에 미리 만들어서~ 출근하고 일하고나서~ 휴게시간에 주먹밥먹으면서 햄볶는 행복느껴볼래요 ㅋㅋㅋ,0,2025-04-06T07:45:38Z
@짱부장-p4i,이분 영상보다보면 주요리도  요리지만 응~응?? 응~!!! 보관스킬 요리스킬 배울게 꽤많음ㅋㅋ,0,2025-04-06T07:36:37Z
@Kim-sw1ig,"이
말투로 영어도 한번만 해주세여 궁금..😮",0,2025-04-06T07:34:07Z
@매설화-h8w,"아~행복해요?
아~쿨해요~~^^",0,2025-04-06T07:27:46Z
@earlymorning9,학 C ㅋㅋㅋ😂,0,2025-04-06T06:26:05Z
@요리를쉽게하는밥쟁이,열나게 멋있어 ㅋㅋ ❤,0,2025-04-06T06:18:00Z
@jonathanyhim2858,말투 존나 쿨찐같노 ㅋㅋㅋㅋ,0,2025-04-06T06:09:08Z
@kumononakade,랩퍼같아요 ㅋㅋㅋ 찰짐,0,2025-04-06T05:00:55Z
@kumononakade,다리떨기 ㅋㅋㅋㅋㅋ,0,2025-04-06T05:00:34Z
@김진영-e6j,진짜 매력있어요~~~,0,2025-04-06T04:46:14Z
@샤론-m9l,ㅎㅎㅎㅎ ㅎㅎㅎㅎ,0,2025-04-06T04:38:23Z
@윤뚤기,언니 영상 잘 보고있어용 :) 운전하실 때는 고무줄로 묶는게 좋아요. 만약 사고날 경우 머리집게핀하면 위험하대용 😢,0,2025-04-06T03:59:47Z
@고민하지말고실행,"아들 간식으로 간편하고 딱이네요! 꿀팁감사❤
마지막 봉다리ㅋㅋㅋ 귀여우세요😂😂",0,2025-04-06T03:55:54Z
@해바라기-d8w8e,다리떠는모습 빵ㅎㅎㅎ,0,2025-04-06T03:40:00Z
@Leeharim93,표정 목소리 너무 쿨하셔 ㅋㅋㅋㅋㅋㅋㅋ,0,2025-04-06T03:37:49Z
@가람킴no.1,"ㅅㅂㅡ
그런 잡스런 도시락이라면
그냥 가다가 
김밥 한줄에 항아리 우유
하나 사면 되지
그시간에 20분 더 잤지",0,2025-04-06T03:36:08Z
@one_point8121,학씨 ㅋㅋㅋㅋㅋㅋㅋㅋ,0,2025-04-06T03:05:52Z
@카난-l5g,전영상 보다가 궁금해서 그러는데요 자주 쓰시는 또띠아 몇인치에요??,0,2025-04-06T02:37:55Z
@jung-kz5he,"이 분 목소리
복화술 하는듯 한 소리
넘~~ 매력스",1,2025-04-06T02:25:10Z
@mementomori..,엄~~청 부지런하신분,0,2025-04-06T01:53:00Z
@soulmove80,다리떠는거 못참쥬❤,0,2025-04-06T01:41:46Z
@설탕-l8s,아...이 언니 진짜 후딱후딱 손 빠르게 그리고 맛있게 잘 맨든다니까~!   재료 정리 딱해놓고~  살림꾼인정👍,0,2025-04-06T01:33:16Z
@user-no1hz8sr3c,메뉴가 건강엔 안좋을 것 같아요..대체적으로,0,2025-04-06T01:13:59Z
@limjaehyungful,달걀껍질 던지는 거 멋있어요 누나,0,2025-04-06T00:41:35Z
@benkwon7317,"뚝딱 요리하고 ,무심한듯 말하지만 내용은 알차다!",3,2025-04-06T00:37:10Z
@서정은-x9j,바쁜데 도시락도 챙겨가시고 야무지심~!!!,0,2025-04-06T00:09:14Z
@타샤맘,ㅋㅋㅋㅋㅋㅋㅋㅋㅋ,0,2025-04-06T00:08:28Z
@joo2628,"와~써요 그시간이 ㅋ
귀여워❤",0,2025-04-06T00:04:39Z
@absolute9157,"은근 중독성 있습니다^^
항상 응원합니당~~~!",0,2025-04-05T23:25:03Z
@minizoo1045,아니 고래밥은 왜왜왜 😮,0,2025-04-05T23:14:10Z
@101-fl2he,아 스팸도 소분 또 배워요~~,1,2025-04-05T23:03:41Z
@doll7300,"머지........이여자..............매력있어.............
먼가.........허술한데..........매력있어.................
저 손놀림 절대 하수가 아냐.......",0,2025-04-05T22:55:44Z
@JJJ-k9y,덕분에 남편 아침밥 해결했어용!,0,2025-04-05T22:36:07Z
@badgerhoney79,쓰레기통에 과잨ㅋㅋㅋㅋㅋㅋㅋ,0,2025-04-05T22:02:53Z
@최인수-w9i,"야채는???? 건강식은 아닌데...
아는맛이 더 무섭다고 맛은 그냥 끝내주죠. ㅎㅎㅎㅎㅎ",1,2025-04-05T20:48:31Z
@김예지-q1l,식량에비해 비닐봉지 너무 큰거 아니에요?ㅋㅋㅋㅋㅋㅋㅋㅋㅋㅋ,0,2025-04-05T19:23:46Z
@tv-ml6iw,새벽에 유툽보다가 영상빠져서 쇼츠정독하고 구독^^ 가식없고 편안하고 넘 좋다요♡,0,2025-04-05T18:57:38Z
@Skywindforest,항상 보면서 대리만족 중 ㅎㅎ 어찌 그리 요리를 잘하시는지,0,2025-04-05T18:36:40Z
@윤진-z7f,"고래밥이다!!! 
제니가 제니퍼 허드슨 쇼에서
자랑한 고래밥~~~~~",0,2025-04-05T18:29:58Z
@KCh3063,"스팸~ 기절각 ㅋㅋㅋ
나는 오늘도 쓰러졌다 😂",0,2025-04-05T18:28:03Z
@홍준선-w6k,이누나 요리여신임니당,0,2025-04-05T18:16:37Z
@권태희-p4n,"엄마가 걱정 안하시겠어요^^
야무진 딸래미",0,2025-04-05T16:48:41Z
@mugsam,Chill girll,0,2025-04-05T16:42:11Z
@그린비아라-n7e,무심한말투 중독성있어 자기전에 생각나요,1,2025-04-05T15:20:36Z
@miracle-wv7vo,학C에서 공감대 ㅋ,1,2025-04-05T15:13:34Z
@서현-q3v3v,말투중독,0,2025-04-05T15:09:54Z
@kevingo5864,스팸 저렇게 보관하는건 또 처음봄,0,2025-04-05T14:54:00Z
@조문희-t4k,학 c~ㅋㅋㅋㅋㅋ 영상이 중독성있어요,0,2025-04-05T14:50:57Z
@이주연-t5k,❤❤❤❤,0,2025-04-05T14:48:00Z
@사랑받고있어,학C에서 빵 터졌습니다ㅋㅋㅋㅋㅋㅋ,0,2025-04-05T14:43:24Z
@김혜수-f3d,다 필요없고 초스피드 생존왕,0,2025-04-05T14:42:07Z
@단단단-k6q,도시락 맨날 봉지에 싸가눈 센스덩어리,0,2025-04-05T14:38:04Z
@yuyumommy7217,"소분 시리즈
부탁드려요 😮",1,2025-04-05T14:32:46Z
@율-p3n,"큰숨쉴때 극공감
흘리는거,,,슬퍼진짜
바쁜데일이더생겨",52,2025-04-05T14:21:34Z
@depthgraphy,살짝 음쓰 느낌 시크해😂,0,2025-04-05T14:05:36Z
@evelyn-g9d8i,계란껍질 던지기 ㅋㅋㅋㅋㅋㅋㅋㅋㅋ,1,2025-04-05T13:55:04Z
@씽라인,근데 왜 미국사람들은 스팸 안먹는다는 얘기가 한국에서는 왜케 나도는걸까요?ㅜ,0,2025-04-05T13:46:02Z
@birchaa,회사가서 무슨일 하는지 너무너무 궁금하고 같이있고 싶네요 늘 유쾌한 언니~❤,0,2025-04-05T13:13:25Z
@tierinko2419,진짜 똑부러지는거 맞다니까요! 스팸 소분 생각지도 못햇는데 와.... 마지막 주먹밥 뭉쳐서 먹는것도!!!! 살림천재 ❤,10,2025-04-05T13:10:15Z
@hwarinem,와 도시락 메뉴 고민했던게 싹 사라지는 영상이네요ㅋㅋ,0,2025-04-05T12:55:41Z
@융융-e7w,눈밑 다크서클 무슨일이죠? ㅋㅋㅋ,0,2025-04-05T12:52:18Z
@플레져-y2x,스팸 얼렷다가 녹여도 그맛 그대로일까요!!,0,2025-04-05T12:49:22Z
@KimHyeJinTV,왐마~이 레시피 쵝오쵝오~♡,0,2025-04-05T12:41:01Z
@dohakim5955,되게 대충대충하는거같은데 완성품은 그럴듯함,0,2025-04-05T12:40:51Z
@김효희-w2j,ㅋ도시락 비닐봉투에담아가는ㅋㅋ욱겨용,0,2025-04-05T12:36:23Z
@srpark5303,"세상 무심하게, 세상 귀찮은 듯
그러나 금손!!!ㅎㅎ",0,2025-04-05T12:33:39Z
@제로네아츠,월요일에  싸가야겠어요..잘 먹겠습니다..😊,0,2025-04-05T12:26:16Z
@머래-k4j,비빌때 넘오 인간적이에요ㅋㅋㅋ,0,2025-04-05T12:26:06Z
@lovetreehand,귀여워ㅠㅠ,0,2025-04-05T12:17:52Z
@ナムヒョン-d7h,ㅋㅋㅋㅋㅋㅋ에궁~❤❤❤이해많이감❤❤❤❤🎉🎉🎉🎉🎉🎉🎉,0,2025-04-05T12:12:36Z
@지현-m4d,"강아지 키우는지 이제 알았어요 ㅎㅎ
월요일 점심 도시락은 이걸로 해야겠습니다",0,2025-04-05T12:12:31Z
@mint_luv,언니..언니 이 귀찮은듯한 말투 보다보니 중독성 장난없어서 나도 모르게 구독을 눌러버려써여 책임져요(?),0,2025-04-05T12:06:20Z
@spartacus-b1m,"아 오늘 처음 봤는데 도저히 못참고 구독함
퉁명스러운 말투에 빠른 영상 완죤 내스타일❤",12,2025-04-05T11:57:59Z
@insuhcho3286,ㅋㅋㅋㅋㅋㅋ늘 잼나요.ㅋㅋ,0,2025-04-05T11:54:08Z
@Hrrrrrrrrrrrr,ㅋㅋㅋㅋ아 웃겨 진짜 ㅠㅠ,0,2025-04-05T11:54:00Z
@judge-99-z5y,점심먹으러 회사가요,0,2025-04-05T11:51:32Z
@휘나리-v2o,"건들건들말투
건들건들떠는다리
건들건들걍대충
하는  것 같은데?
걍 넘넘 맛있을 것 같음! 🎉🎉🎉
똭 내 스탈❤❤❤❤❤",0,2025-04-05T11:51:03Z
@jen9816,소분따라하고 싶지만ㅠ 부지런쟁이여야 가능...ㅠㅠㅎㅎ,0,2025-04-05T11:48:19Z
@최진희-l7y5u,너무  좋아요ㅎ,1,2025-04-05T11:30:35Z
@mynamelee,집밥하는사람중제일힙해요❤,1,2025-04-05T11:28:50Z
@이라빈,남편분은 런치백에 이쁘게 싸주면서ㅋㄱㄱ본인껀 봉투에 대충 담아가는거ㅋㅋㅋㅋㅋ  너무 귀엽잖아ㅋㄱㄱ,1,2025-04-05T11:16:03Z
@아파트-d6q6s,봉다리 👍,1,2025-04-05T11:10:35Z
@uiyeonhada,오 스팸소분 !!! 엄지척!!!,1,2025-04-05T11:09:59Z
@밤하늘엔별,귀여워,1,2025-04-05T11:02:27Z
@정nhdd나,졸귀 내요즘최애ㅋ,1,2025-04-05T10:48:03Z
@싱싱이-v4f,요즘은 계란 구하기 쉽나요?,1,2025-04-05T10:31:33Z
@브라우니-l8z,왔어요 그 시간이~ㅋㅋㅋ,1,2025-04-05T10:26:34Z
@onetop_0,ㅋㅋㅋ 😂🎉,1,2025-04-05T10:19:22Z
@michellelee640,왠지 회사일두 후딱후딱 야무지게 잘헐듯,0,2025-04-05T10:14:11Z
@michellelee640,아  넘 사랑스러워요 저 털털함❤,5,2025-04-05T10:13:22Z
@loveexolovenini,스팸 소분 냉동보관 배웠어요ㅋㅋ귀차니즘 같지만 세상 부지런한 언니❤,0,2025-04-05T10:12:53Z
@user-sv7gt6de1z,메뉴 제조기 언냐..,0,2025-04-05T10:04:00Z
@love-tz7ei,"늘 다리떨게 되는 맛
알거같아여 ❤❤❤",0,2025-04-05T09:44:45Z
@깨-i1n,ㅋㅋㅋㅋㅋㅋㅋㅋㅋㅋㅋ,1,2025-04-05T09:40:40Z
@JimmyLee-kd5mg,스팸을 소분하신다구?? ㅋㅋ 귀차니즘은 컨셉인거지? 요리실력은 덤이고 완전 찐 살림꾼임,0,2025-04-05T09:13:14Z
@song-r2q,봉다리에 가져가는거 졸귀ㅋㄱㅋㄱㄱ,0,2025-04-05T09:10:07Z
@user-shidne10,"언... 언니?..... 지금 흘린걸 버린거야?... 난 당연히 
'이정돈 안 죽어요.' 하고 넣을 줄 알았어...",0,2025-04-05T08:44:05Z
@인연수-o1o,끝까지 보는 묘미는 발 떨림이죠 ㅋㅋㅋ,0,2025-04-05T08:39:35Z
@davidkim3401,"다리 떠시는거 보러 오신분😂😂
아이디어가 어떻게 계속 
나오나요???
천재😂",3,2025-04-05T08:39:11Z
@queens-realty,다리는 꼭 떨엌ㅋㅋㅋㅋㅋㅋㅋ,0,2025-04-05T08:30:10Z
@난향-h7c6i,우리들은 현실^^찐입니다~😂,0,2025-04-05T08:25:39Z
@ekdma415,밥솥 쿠첸꺼 같은데 맞나유 ?,0,2025-04-05T08:14:08Z
@킴유반,중간에 하... 하는거 공감되서 엄청 웃었네요 영상 비하인드 만드시는것도 봤는데 재밌고 또 때로는 실용적으로 유익한 영상 만들어주셔서 감사해요 덕분에 영상 하나 보며 배울것도 배우고 또 재밌게 잘 보고 갑니다. 아프지 마시고 늘 행복하세요 언제나 감사합니다 ㅎㅎ,0,2025-04-05T08:03:36Z
@김태한-d9v,저는 저. 다리떠는게 더 매력적 이여요,0,2025-04-05T08:02:42Z
@Happy_ddobok,저는 스팸을 냉동시키기 전에 손으로 다 으깨서 스크램블처럼 해두고 얼려욥!!ㅎㅎ 볶음밥이나 부대찌개 등등 냉동 바로 사용해도 보슬보슬 편해요!!ㅎ추천 드리옵니댜♥️,0,2025-04-05T08:00:20Z
@김경희-t2l3p,"항상보는데요
넘멋찌네요~따라쟁이되어갑니당 ㅎ",0,2025-04-05T07:56:12Z
@파랑고양이-o6t,"밥이 그릇밖으로 튈때 헉! 했는데 
학C땜에 빵터짐...ㅋㅋㅋㅋㅋㅋㅋㅋ",0,2025-04-05T07:55:59Z
@캐롤리나,저노무 비니루 봉다리ㅋㅋㅋ 내가 도시락가방 하나 사 보내드릴게.  거 주소 불러보소ㅋㅋㅋㅋ,0,2025-04-05T07:53:21Z
@정하야신스,참 귀여우먼서 쉬크~~😮😮❤❤,0,2025-04-05T07:32:05Z
@esw6684,세상 귀찮은 말투로 할거 다하고 봉다리에 도시락 들고 나가는모습에 반해서 구독 했습니다~~  ㅎㅎ,0,2025-04-05T07:26:16Z
@kim-s7u2f,이렇게 이쁘고 멋진 여자 어디 또 없나,0,2025-04-05T07:22:16Z
@Edssttt,스팸 맨날 도마에다 잘랐는데 주걱으로 자를 생각을 왜 못했지.. 오늘도 또 배워가요 ㅋㅋㅋ,0,2025-04-05T07:17:51Z
@user-karahan,쵝오 !!,0,2025-04-05T07:05:33Z
@이야호-l7l,인급숏 추카추카여❤,1,2025-04-05T07:02:54Z
@굿모닝-s1k,정말 친해보고 싶다~,0,2025-04-05T06:57:45Z
@YYC-r2d,비닐봉지에다 싸감?ㅋㅋㅋ,0,2025-04-05T06:51:24Z
@kkcha8555,비닐봉지가 포인트~~^^,0,2025-04-05T06:49:51Z
@임정희-p1h,"출근복  심플 이뻐요
참 알뜰살뜰  감동이에요 😊",0,2025-04-05T06:46:30Z
@hysu6441,와~도시락가방 진짜 편하고 멋지네요ㅋㅋㅋ❤,0,2025-04-05T06:41:14Z
@연탄아-z4w,"여기가 한국인지 미국인지ㅋㅋ
식자료재가 다 친근해보요😂😂",0,2025-04-05T06:38:56Z
@미피x5x,ㅋㅋㅋ 짱,0,2025-04-05T06:37:33Z
@바꿔-k8b,"양말.신발. 니트..딱 이뻐요ㅋㅋㅋㅋ
뭐 일케 돌아가시게 다 센스있냐구요 ㅋ",0,2025-04-05T06:29:37Z
@jykim7739,언뉘! 므쪄요❤❤,0,2025-04-05T06:23:04Z
@jaewook_seo,ㅋㅋㅋㅋㅋㅋㅋ 그와중에 착장 넘 잘어울리심😂,0,2025-04-05T06:20:51Z
@김도형-r7d,"표정이 압권이다.
진짜로 요리하기 싫은 사람인데, 막상 영상보다보면
너무 잘하는 국뽕언니🤣🤣
👍👍👍👍👍👍👍👍👍",6,2025-04-05T05:34:37Z
@한미공작원,아니 전문 카메라 VJ 가 있는거에요? 혼자 촬영 연출 편집 대단한 실력이네요❤,0,2025-04-05T05:27:04Z
@따로로로,바쁘지만 고래밥은 챙긴다 ㅋㅋㅋㅋㅋㅋㅋㅋㅋㅋㅋㅋㅋㅋㅋㅋㅋㅋㅋ,0,2025-04-05T05:23:58Z
@지방이하트,"ㅋㅋㅋㅋ주먹밥 봉지에 넣고 들고가는거
역시 언니답네요 ❤ㅋㅋㅋㅋㅋ",0,2025-04-05T05:18:04Z
@컴뱃컴뱃,다리떨지마 섹시해 너무너무 ㅋㅋ,0,2025-04-05T04:57:20Z
@bonacho5356,소분 장인~~ 👍,0,2025-04-05T04:55:54Z
@몰랑스,아 봉다리 가방 최고입니다. 급할 땐 진짜 그만한 손가방이 또 없더라고요.,1,2025-04-05T04:54:11Z
@Lynn-u8t2r,비닐봉다리! 아아 좋아. 흘리는 밥. 더 좋아.,0,2025-04-05T04:52:25Z
@이혜주-x5c,한 숨 쉴때 ......저도 쉬이.....ㅋㅋㅋ,0,2025-04-05T04:38:26Z
@godltm0078,고래밥 블핑 제니가 소개해서 더 핫한과자 ㅎ,0,2025-04-05T04:36:01Z
@윤정박-w1r,오늘도 웃음 지뢰가 여기저기 😁😁😁😁,0,2025-04-05T04:20:20Z
@사이언s,언니 스팸 어디서 어떤 거 사시나요?,0,2025-04-05T04:14:42Z
@기린기린-c5s,천재!!! ㅋㅋㅋ 스팸 구우면서 자르는거 너무 최고네요!!  ㅋㅋㅋㅋㅋ,25,2025-04-05T03:56:34Z
@johanak2407,이거 괜찮네.. 한번 해봐야 겠다.,0,2025-04-05T03:39:18Z
@긍정퀸-d9s,"뒤집개로 스팸 자르는거ㅋㅋ
나는 왜 생각못해서
도마 칼 다 꺼내고ㅜ
설거지 잔뜩ㅋ
이분은 센스가 보통 아이오!!!!
또하나배워가용~~~~😊",0,2025-04-05T03:31:11Z
@뉴저지아내도시락,주먹밥 싼다고 이런저런 플라스틱 기구 안꺼내서 너무 좋아요..현실 찐 리얼 도시락 쵝오 입니다~👍👍 (나두 이렇게 쌀걸😅),47,2025-04-05T03:15:51Z
@0jwpwuqp,"ㅋㅋㅋㅋㅋ 미쿡사는 언니도 학c!를 아는 거예요?
늘 정감가는 미쿡언닝❤",0,2025-04-05T03:09:52Z
@Joy-qp1lx,"한동훈 다시는 보고싶지않아요.
꼭 경선에서 이겨 이재명도 이기고  윤대통령 지켜주세요",0,2025-04-05T02:51:27Z
@징구찜,요몇일 계속 떠서 나도 모르게 보게되는데 중독되버림...이제는 걍 구독할께요.......,0,2025-04-05T02:41:00Z
@kamiyu_daily,와 진짜 맛이썽보여요.. 나도 스팸 소분 저렇게 해야지!!❤❤,0,2025-04-05T02:37:23Z
@민자한-o4j,목소리시크 조아용❤,0,2025-04-05T02:34:53Z
@chokim8758,인스타에서 누가 젠님 말투 따라해요,0,2025-04-05T02:27:39Z
@블도그-x4c,귀엽다❤❤❤,0,2025-04-05T02:14:17Z
@ily2817,와 진짜 제 롤모델이요 😢😢,0,2025-04-05T02:13:21Z
@jeongyuyeon8742,도시락 가방 비닐봉지 ㅋㅋㅋㅋㅋㅋㅋㅋㅋㅋㅋ 😂😂😂❤❤❤❤❤,0,2025-04-05T02:04:44Z
@happfacekimlora5604,학~~C  ㅋㅋㅋ,0,2025-04-05T01:47:23Z
@kyombly1718,"학C ㅋㅋㅋㅋㅋㅋㅋ 점점 뒤로 갈수록 검은 봉다리때랑 데자뷰 현상 뭐죠🤣 
근데 바빠 죽겠는데 고래밥 챙기는거 진짜 핵졸귀...근데 이전 숏츠에 오늘 다시 보다가 알았는데 큐피마요네즈 학씨 제 최애 마요를 젠님도 아시다니ㅋㅋ 혼자 내적친밀감 생성중이에요😂",0,2025-04-05T01:41:04Z
@정주희-q8c,"푸디젠님 영상은 항상 간단간단 
근데 완성품은 너무 고급져요~~
우리집에 없는
후리가케 검색 들어가야 겠어요~
한국에서도 팔아요??
푸디젠님이 쓰면 왠지 다 맛있고 좋을것 같은 믿음이 가는 1인 입니다 ^0^
항상 잘 보고 있어요~",0,2025-04-05T01:29:31Z
@Ralala771hb,"후딱해보니 세상 맛있어요~~
애들 독서실갈때 도시락 싸주는데 정말 도움 많이 받습니다
짧은 영상 꼼꼼한 팁도 놓치지 않으시는 멋진 분
복받으실거에요~~❤",1,2025-04-05T01:26:18Z
@feel_alright_tte,"이거 담주 월욜 남편도시락 당첨ㅋㅋㅋ 저도 H마트 봉다리에 싸줄래요😆 간단하고 맛있는게 남편도 무조건 맛있다고 할거예요
저 요즘 다이어트 중이라 젠님 레시피로 뭐 해먹은지가 오래된 것 같아요.. 제 입맛 다 올려놓은 젠레시피 못먹으니 죽겠어요🫠 다이어트 얼른 끝내고 올게요!",27,2025-04-05T01:23:41Z
@애리-q5p,요리안하는데 너무 간단하게 맛있는 요리하셔서 저도 한번씩 따로해보고 있어요.재미있는 영상 감사합니다^^,0,2025-04-05T01:16:01Z
@pit_a_pat1985,"뒤집개로 조각내기
그대는 지니어스 👍👍👍",0,2025-04-05T01:12:36Z
@지아이-b9f,햄 복하셔요.,0,2025-04-05T00:53:39Z
@해피하니-t2d,"진찌 촬영 디테일이 최고인것같아요 전자렌지에서    햇반꺼내는거, 음식찍었다, 전체찍었다, 카메라가 여러대인건가요? 암튼 누가찍어주는것처럼 진짜 촬영 스킬이 진짜 프로신듯 
바짝 집중해서 보게되요ㅋ",0,2025-04-05T00:45:22Z
@자유-b5x,점심시간 기다려요!....ㅋㅋㅋ❤😊,0,2025-04-05T00:44:59Z
@mandusongdiary,미국에서도 학씨~ ㅋㅋㅋㅋ,0,2025-04-05T00:42:17Z
@wav-g3n,비닐봉다리 인간미 넘치심 매력끝장나시네,0,2025-04-05T00:38:20Z
@지야니-i5j,봉다리 퐝터짐요😂😂😂,0,2025-04-05T00:29:19Z
@김희정-j7z,정말 귀엽네요^^,0,2025-04-05T00:23:43Z
@두루미-i1d,독립..!.?이라니ㅜㅜㅠ 이사브이로그 집들이 브이로그 룸투어 브이르고 당장가요ㅠ 넘 잼겠다 사실 찰스독립 내가 더 좋아요,0,2025-04-05T00:08:35Z
@K트윈스,앜ㅋㅋ 점심시간기다려욭.~~ 사람사는거. 다똑같 😅,0,2025-04-05T00:07:43Z
@두루미-i1d,구독 두 번 하고싶다 빨리 백만더ㅣ게...,0,2025-04-05T00:07:31Z
@taeeunkeem,아니 저 김통ㅋㅋㅋ 다른분 쇼츠에도 김은 저통에 있던데 우리집도 저 통에 김이 있음ㅋㅋㅋ,0,2025-04-04T23:58:18Z
@앞치마apchima,소릴 안켜고봐도 음성이 들리는 듯 ㅎㅎ😅😅,0,2025-04-04T23:47:49Z
@프루게,"요리할때 별거없는데 늘 와~하는 비쥬얼
제발 주2ㅡ3회 해줘요
대충 뭐  아~~하믄 되잖아요ㅋㅋ😂😂😂",11,2025-04-04T23:44:23Z
@sun_f-o9e,근데 그나저나 왜 날씬해요,0,2025-04-04T23:29:09Z
@Happyzumma007,늘 재밌어요 😂,2,2025-04-04T23:24:46Z
@yonkimkor,혹시 군대나오셨나.. 봉지밥…,0,2025-04-04T23:22:13Z
@Mk_ming,진짜 초간단❤ㅋㅋㅋ 리얼해서 좋아요😊,1,2025-04-04T23:11:08Z
@정소연계정,😊,0,2025-04-04T23:05:40Z
@Berrytube2023,이상해.. 푸디젠님 영상을 보면 왜 스트레스가 풀리죠? 대리만족되는 이 기분은 뭘까요?? 늘 영상 감사합니다🙏🏻,0,2025-04-04T22:58:03Z
@보라도리도리-g2p,말끝마다 동그라미가 있네,0,2025-04-04T22:41:33Z
@sunyoungkim1418,실패없는 레시피!!!,0,2025-04-04T22:37:42Z
@홍안-p2t,털털한거 같아도 스팸 소분한거보니깐 야무지다,0,2025-04-04T22:35:02Z
@Ssuksister,도시락을 싸는데 (간단한 요기거리) 설거지거리 안늘리고 깔끔히 야무지게 먹는법까지 알려주는 유튜버가 있다? 젠님한테 헤어나오는 방법 아는사람 좀 알려주세요 (알려줘도 안헤어나올꺼임),0,2025-04-04T22:32:22Z
@Ssuksister,도시락을 싸는데 (간단한 요기거리) 설거지거리 안늘리고 깔끔히 야무지게 먹는법까지 알려주는 유튜버가 있다? 젠님한테 헤어나오는 방법 아는사람 좀 알려주세요,0,2025-04-04T22:32:07Z
@혜서미,와~나의 숨겨진 모습을 보는듯 패션 스타일도 비슷,0,2025-04-04T22:29:49Z
@emilychoi2227,"20년 주부경력 나도 인정! 
너무노무 야무짐...뉘집딸인지 부모님 흐믓하실듯요. 나도 외국살이라 살림하고 밥해먹는거 힘든데...요즘 이런 젊은언니야들 너무 똑똑이라 내딸도 이런 언니야 좀 배우라 하고싶음 ^^ 넘 맘에듬 
항상 잘 보고 있어요. ^^❤",0,2025-04-04T22:23:09Z
@정경희-u1i,다 알고... 아는 맛인데 ...뭔가 새로워!!! 해 보고 싶어~~~,1,2025-04-04T22:22:49Z
@뭉치네집,천재❤❤❤,0,2025-04-04T22:03:08Z
@귤이네-k2y,학c ㅎㅎㅎㅎ잼난똑순이,0,2025-04-04T21:55:19Z
@kim-pb7nb,학 씨..... 들어버렸다ㅋㅋㅋㅋㅋㅋㅋㅋ,0,2025-04-04T21:54:48Z
@임성국-i4d,ㅋㅋㅋ 말투가...잼나네...좋아요 누르고 갑니다~~,0,2025-04-04T21:47:09Z
@hlsong9169,볼때마다 쓰레기통/분리수거통을 간식창고로 쓰고잇는게 너무웃겨요 ㅋㅋㅋㅋㅋ,0,2025-04-04T21:40:07Z
@sisid93djxj,아 빽햄 땜에 스팸 가격 더 오름 ㅅㅂ ㅋㅋㅋㅋㅋㅋㅋㅋㅋㅋㅋㅋㅋㅋㅋㅋㅋㅋㅋㅋㅋㅋㅋㅋㅋㅋㅋㅋㅋㅋㅋㅋㅋㅋㅋㅋㅋㅋ,1,2025-04-04T21:12:24Z
@auntiefubao718,세계관이 저랑 비슷,0,2025-04-04T20:52:33Z
@nyangajjang6715,바빠도 간식까지 챙겨가는 야무짐ㅋㄲㅋㅋㅋㅋ아...배고파,70,2025-04-04T20:37:40Z
@jmlee106,미국에서 회사다니는 직장인으로써 도시락 에이치마트 봉지에 싸가는거 보고 빵터짐 넘 진짜 가식없고 현실적이라 넘 좋아요 ( 저도 자주 그러거든요) 늘 잘보고있어요 레시피 감사해요 😊❤,311,2025-04-04T20:32:16Z
@온랑귤,문닫고 출근하지만 폰가질러 다시들어와야함ㅋㅋ주먹밥맛있겠어요ㅋㅋ나도 해봐야징,115,2025-04-04T20:23:59Z
@Pijomul,"어머 저도 애들 도시락 이리 싸줬는데,ㅎㅎ 😂😂😂❤",0,2025-04-04T20:16:40Z
@miding2,스팸 냉동실에 넣을 생각을 왜 못했지 ㅠㅠ👍👍,0,2025-04-04T20:02:27Z
@_h.h_1817,스팸 소분에 뒤집기 이용해서 컷팅까지...다리떠는거 언제쯤 나오나 왜 기다려지는걸까요....,0,2025-04-04T19:56:24Z
@wonny1147,업데이트 표시뜨면 제일 먼저 클릭해서 보게돼용! 영상이 항상 넘 재밌구 맛깔납니다,4,2025-04-04T19:37:09Z
@김유리-p5c,언제봐도 쿨하심,0,2025-04-04T19:26:11Z
@thankyouheyhey,건강이랑은 거리가 먼 식단을 보며 위안을 받습니더 껄껄,0,2025-04-04T19:06:06Z
@monkezbutt,매력 덩어리! 너무 좋아요.,0,2025-04-04T18:52:00Z
@hdj_song,저랑 같은 생각이신분들이 많네요~ 스팸 저도 소분해놓을까봐요. 바쁜와중에도 로퍼랑 양말 디테일 ㅎㅎ오늘도 화이팅하세요!,1,2025-04-04T18:45:31Z
@sjhan1809,진짜 똑부러지시네요.,0,2025-04-04T18:45:11Z
@lydiabear,"진짜 푸디젠님의 매력은 출구를 찾을 수가
없네요!!!  👍👍 스팸 남은거 늘 고민이었는데 소분해서 냉동 최고에요!!  오늘도 꿀팁 얻어갑니다!!!",3,2025-04-04T18:44:09Z
@터-j2b,"진짜 언니 영상 보고 태어나서 처음으로 유튜브 댓글 달아봤어요. 요리도 언니영상보고 넘 맛있어보여서 바로 오븐겸에어프라이기 사고 시작했어요 
간단하면서 쉽고 고급진요리
넘감사해요 그리고 피자 레시피 따라했는데
진짜 맛있었어요ㅎㅎㅎ
요것두 도전 
좋은하루보내세요❤",0,2025-04-04T18:41:32Z
@타만작,"남성 구독자 보다 여성 구독자가 많네요
음식하는 40대 후반 남성입니다
알고리즘으로 처음 본 때가 
4~5만 이었는데......역시 
처음 본 날 쑈츠 다 봤었네요
그때 문득 이 분 잘 되시겠다 생각했네요
앞으로도 승승장구 하세요",0,2025-04-04T18:37:15Z
@hwissglife713,아니 카메라를 어디까지 ㅋㅋㅋ 마이크로웨이브 안이라니,0,2025-04-04T18:34:16Z
@벼락치기잘하는죠르디,"도마,칼 없이 호다닥 1순위도시락",0,2025-04-04T18:32:42Z
@손승미-t9v,"늘  계란껍땍  어디론가던자시는게 너무재밌어요~ㅎ
씽크대로 던지시는거겠죵^^
늘 잘보고있어요❤",0,2025-04-04T18:30:12Z
@G0deng,누나 진짜 어이없고 짜증나는데 이거 먹고 면접 가려고.. 항상 응원해🎉,0,2025-04-04T18:18:23Z
@einmusictube,자막에 학 C 에 빵터짐 ㅎㅎㅎ,0,2025-04-04T18:08:23Z
@북극곰-k3u,누나 궁금한게 있어요 계란 껍질은 항상 어디다가 던지시는거에요? ㅋㅋ,0,2025-04-04T18:03:12Z
@원쫘,봉투 ㅋㅋㅋㅋㅋ아 진짜 이언니 너므 좋아 극극극호감,0,2025-04-04T18:00:24Z
@유빈-q8s,맛없없 조합이네요 😍 먹으면서 너무 행복할 것 같아요 ❤,0,2025-04-04T17:59:20Z
@우당탕코코넛,영상 찍느라 더 늦은 거 맘아파요 ㅋㄱㅋㄱㅋㅅㅋㄱㅋㄱㅋ ㅠㅠㅠㅠ,0,2025-04-04T17:56:07Z
@user-cn3vo4xv5g22,바빠돌아가시겠데 ㅋㅋㅋ아 말투 매력쩜,0,2025-04-04T17:37:57Z
@후니-y6x,야식으로도 딱이겠어요ㅋㅋ 이누나 다리떠는거 안보면 이제 영상 본게 아닌것 같음ㅋㅋ,1,2025-04-04T17:25:35Z
@tangomango5360,학…C 😂❤,0,2025-04-04T17:24:51Z
@ssongonyu,와...스팸 소분...고기 소분은 해봤는데 스팸은 맨날 덩어리로 얼려서 까먹다가 해동하고 다 으깨서 스팸인지 뭔지...맛없이 먹었는데 역시 최고시다,0,2025-04-04T17:05:11Z
@Ha-roo-4545,학c쎈스  👍,0,2025-04-04T16:57:10Z
@잉장vv,김치없이 먹을수 있나여...,0,2025-04-04T16:55:59Z
@현주오-l7s,바빠돌아가시겟지만ㅎㅎ,1,2025-04-04T16:48:22Z
@meenieeenie247,솔직하게..  일하러 간거 아니죠?,0,2025-04-04T16:40:02Z
@amyyoungna1018,"😂😂😂❤ always enjoying it!
Thanks~",0,2025-04-04T16:39:34Z
@user-xf5cd1ez4u,유튜브에서 오래 오래 보고 싶어요,0,2025-04-04T16:33:10Z
@로제은우수지,"매 영상마다
자연스럽게 풉 하고 웃음을 주는 무심한듯한 유머러스한 아이디어가 재밌습니다",0,2025-04-04T16:24:22Z
@blueberry9394,와 진짜 후루룩 뚝딱뚝딱.. 매력쩔,0,2025-04-04T16:23:35Z
@원주영-u2k,"진짜 미쳤따요~~~
프라이팬에 스팸 자르기~ 김통에 남은김 사용하기 ㅎㅎ
현실고증 에 빵터지고 갑니다 ㅋㅋㅋㅋ",0,2025-04-04T16:21:58Z
@heehee70,귀찮아하시는것 같지만 살림력 만렙인게 너무 잘 보임...부럽다,0,2025-04-04T16:21:44Z
@베리-코코,강쥐가 엄마 나가는데 가만있어여? 헤헤헿 궁금해서 강쥐사랑🫰,0,2025-04-04T16:21:14Z
@소곤소곤-q6w,이 언니 너무 좋아요 그냥 다 좋아요 시크한 말투까지요. 우리 신랑한테는 비밀할래요 ❤,0,2025-04-04T16:19:21Z
@gujung5265,"그냥 동작 하나하나가 매력덩어리 푸디젠님 ㅋㅋ
넘흐 좋아 😂",1,2025-04-04T16:17:56Z
@JM-fy2oj,와 스팸 맨날 꾸여꾸역 먹느라 사다논거 까기가 겁났는데 ㅠㅠ 당장 잘라서 얼려야겠어요 !! ❤,0,2025-04-04T16:11:40Z
@시엘-d8y,"맛있으니깐... 다리가 자동으로
떨리더라그요ㅎㅎ 다리 떠는 나를
발견한 순간;; 푸디젠님이 생각났어요
이렇게 맛있었구나~ 하고요^^ㅋ",0,2025-04-04T15:59:27Z
@최진영-u6g8s,난 이 언니 계란껍데기 박력있게 던지는 모습이 너무좋아ㅋㅋㅋㅋㅋㅋ😂,0,2025-04-04T15:57:04Z
@김미선-k8o,학씨ㅋㅋㅋㅋㅋ  동기화되다 터져버렸어욬ㅋㅋㅋ,39,2025-04-04T15:53:02Z
@2janDee,매력적인여자❤😂,0,2025-04-04T15:48:04Z
@leesarah224,"잘 비벼셔 ~~~ 확 ~~~ c. 바쁜데 할건 다하는 분 젤 부지런햐 
스팸 소분해놓은것좀 보소~",0,2025-04-04T15:47:56Z
@별난깽이,저도ㅠ요즘 왕고래밥 간식으로 먹는데 괜히 더 반갑네요 ㅋㅋㅋㅋ ❤❤❤,0,2025-04-04T15:47:01Z
@ChEn-l4g5p,근데 누님 늦었다면서 나가는거 찍고 다시 문열고 들어와서 카메라 챙겼을거 아니예요ㅋㅋㅋ,35,2025-04-04T15:46:53Z
@pppizim,어우 귀여워,0,2025-04-04T15:43:18Z
@yunlove0402,밥이랑 섞을때 저보는듯,0,2025-04-04T15:38:44Z
@royngel,"아 정말 마지막에 내모습이 여기 왜잇는거에요 
다 만들고 결국 봉다리에 한국과자랑 다 때려넣고 비장하고 후줄근하게 나가는 뒷모습 ㅎㅎ",0,2025-04-04T15:35:42Z
@H.yuni12,아니 저 바쁜데 즌자렌지안에 폰잇엌ㅋㅋㅋㅋㅋㅋㅋ귀엽노,0,2025-04-04T15:34:15Z
@탄산수탄산수-d9i,"왜케귀여워요? ㅋㅋ
바쁘다면서할건다하고가는게웃겨요. ^^
이렇게잘먹는데날씬하고~~~ 🎉🎉🎉",5,2025-04-04T15:30:12Z
@하늘-h3n2j,"스팸 소분한 사람 처음 봐 ㅋㅋ 
아이디어가 참 좋아",47,2025-04-04T15:22:36Z
@iluvolive,진심 부실한..  식단,0,2025-04-04T15:21:41Z
@살찐찡찡이,잘비벼서??빵터짐..쵝오😊,11,2025-04-04T15:21:31Z
@esthereunheechon2159,"스탬에 간장,설탕이 신의 한 수 인것 같아요. 그리고 김..😊😊😅",0,2025-04-04T15:21:10Z
@화봉이-r6f,와 진짜 지금 배고프다요 ㅠㅠㅠㅠ 참아요??!! 어떡해...밤 12시인데!,0,2025-04-04T15:18:43Z
@손가은-e5d,오늘도 텐션만 대충이고 너무너무 부지런하신 분❤❤ 모든 영상이 알차요. 늘 재밌게 보고있어요.,12,2025-04-04T15:13:22Z
@crayon0222,영어로도 말해주세용🙏🏻 넘 재밌을것 같아용😄,0,2025-04-04T15:12:01Z
@eunjulee7079,랩에 막넣고 뭉치면 끝이구나..천잰가봐요..맨날 힘들게 뭉쳤네요,0,2025-04-04T15:08:05Z
@윤탱-q6b,학~~~~씨ㅋㅋㅋㅋㅋㅋ보셨군요😁😁,0,2025-04-04T15:06:02Z
@과기-z9j,원래 엄~청 꼼꼼하고 각잡고 열심히 사는 분이죠? 유튜브 컨셉으로 대강대강 하는거죠?,0,2025-04-04T15:05:48Z
@야옹아멍멍해봐-j1b,이 언니 너무 매력있어ㅋㅋㅋㅋ지나간 영상들 정독하고있음요..,9,2025-04-04T15:03:42Z
@문달랭,"쇼파에 얌전히 있는 우디~❤
맞나요? 우디??^^;
아무튼,,저 맛있는 냄새에도 쇼파에 얌전히 있는 우디~완전 사랑둥이❤",1,2025-04-04T14:54:03Z
@쏟아지는햇살,"언니...근데...초가공식품, 백미밥에 환경호르몬까지...ㅠ",0,2025-04-04T14:52:59Z
@앞으로-k2f,짜긋다 ㅠ,0,2025-04-04T14:51:58Z
@Ssu_jay,기억안나서 대충만드는언니라고 검색했는데 나왔다욬ㅋㅋㅋㅋㅋ,0,2025-04-04T14:51:31Z
@candle2020,"학앀ㅋㅋㅋㅋ넘웃겨요😂😂😂
나도 귀찮은 날 집에있던 후랑크소세지랑 계란 후라이랑 후리카케 해서 간장이랑 비벼먹었는데...그것마저도 꿀맛...
이언니 나랑 비슷해...남편몰래먹으면 세상맛있게먹기랑 먹잘알😉😝",0,2025-04-04T14:51:22Z
@S.W.H-x6x,세상 귀찮은 표정과 세상 섬세한 카메라 각도,1,2025-04-04T14:50:54Z
@ddh5333,학C ㅋㅋㅋㅋ 폭싹속았수다 시청하셨군뇨 🤣🤣,2,2025-04-04T14:48:53Z
@jinheekim9782,아 바빠 돌아가시겠지만 ㅋㅋㅋㅋㅋㅋㅋㅋ,0,2025-04-04T14:45:49Z
@김클로이-c8n,"이러시면…
밥 1개가 모자랍니다 ㅎㅎㅎ
스팸에 밥1개가 왠말이냐!!",0,2025-04-04T14:45:35Z
@cwfriend68,"주먹밥도 맛나게  보여요,, 먹어보고 싶어요 ㅋㅋ",0,2025-04-04T14:43:34Z
@cwfriend68,"폭삭 속앗수다, ,  보셨나요?? 성질 날때는  ""학씨 아저씨"" 찾게되죠 ㅋㅋㅋ",0,2025-04-04T14:42:13Z
@goldbaby-u6s,이분 진짜 이쁘지 않슴?,0,2025-04-04T14:39:05Z
@無樂-p5j,"그렇지요.
직장이라고 시그니처 다리떨기가 없으면 안되죠.
근데 오늘은
고래밥이 주인공 같은데요. ㅎㅎㅎ",0,2025-04-04T14:38:48Z
@버터-k5f,집구경 시켜주세요,0,2025-04-04T14:38:36Z
@cozy-h5o,양이 너무 적어요~~이만큼 먹음 계속  간식을 먹거나 저녁에 입터집니다,0,2025-04-04T14:37:41Z
@coenfflzzz,저 첨에 영상보고 미국 사는줄 몰랐어요 ㅋㅋㅋㅋ 완전 한국이자나요 ㅋㅋㅋ,0,2025-04-04T14:34:31Z
@akssuscjd8716,와 찐 도시락이에요👍 진짜 친구하고 싶네요😂,0,2025-04-04T14:31:36Z
@로이스-p6j,오 저도 월욜 이거로다가❤ 님~~제스탈입니다.초간단 맛은 대박,0,2025-04-04T14:31:19Z
@yesitsmeuser0,고래밥 뭐얔ㅋㅋ,0,2025-04-04T14:28:40Z
@kelleykim4163,"회사에서도 계속되는 다리떨기~~>0<
넘 귀여워용~~♡♡",6,2025-04-04T14:28:35Z
@김은자-t3r,ㅎㅎㅎ 역시 👍,0,2025-04-04T14:28:08Z
@Mexicohusky,학씨 ㅋㅋㅋㅋ,0,2025-04-04T14:27:39Z
@dddddg1509,저게 다에요?.. 양이 너무적은데요ㅜㅜㅜ,0,2025-04-04T14:22:19Z
@mustsmileyj,맞쥬 맞쥬 바빠 죽겠어도 넣어줘야 하는 재료는 다 넣어야 JMT 🤣,0,2025-04-04T14:20:11Z
@레제-x1m,난 출근한다고 문닫고 다시 문열고 카메라 챙겨서 운전석 옆에 올리고 운전한거 생각하면 너무 웃김 ㅋㅋㅋㅋㅋ,0,2025-04-04T14:20:00Z
@댕댕이-k9g,"스팸을 소분해서 냉동해요?
미리 새거 뜯어서요?",0,2025-04-04T14:18:02Z
@눈꽃초아,"스팸 소분 대박 생각도 못했어요 
진짜 부지런한분 같아요",0,2025-04-04T14:17:22Z
@지구여행자-u2w,ㅋㅋㅋ학C,0,2025-04-04T14:15:56Z
@애플라떼-v8n,"봉지에 대~충 담아가는 털털함ㅋ
현실고증같아 좋아요❤",493,2025-04-04T14:15:43Z
@하루하나-q1q,김테이블위에 있는 ㅋㅋㅋ 우리집인줄 🤣,0,2025-04-04T14:14:38Z
@우리애들무릎지켜,음식 만드는거 진짜 못 하는데 젠님 보고 한국에서 따라해보고있어요....감사...,1,2025-04-04T14:13:39Z
@윤아이-n5y,컵라면 🍜  하나 먹어주세요😅,10,2025-04-04T14:11:07Z
@user-gjidxjuecjj,암튼 야무져❤❤,5,2025-04-04T14:05:51Z
@레쓰비-i1s,ㅋㅋㅋㅋ  내사랑~,0,2025-04-04T14:05:32Z
@maxt-jf9rx,시그니처 발 떨림 😂,0,2025-04-04T14:04:35Z
@GonHa0620,스팸 토막 사건... ❤,0,2025-04-04T14:03:55Z
@Jennifer-e8z,"풋ㅋ
입에 털어넣기ㅎㅎ",0,2025-04-04T14:02:27Z
@이현주-c8l,행복하죠 맞아요,2,2025-04-04T13:59:55Z
@viviyu7142,저 햄 소분할때 쓴 종이가 유산지 맞나용?,0,2025-04-04T13:58:02Z
@june8730,지난 불금하던날이랑 같은날이에요?,0,2025-04-04T13:57:20Z
@슈마-m2d,"소분장인이시네요❤ 
스팸소분 나도 써먹어야지",28,2025-04-04T13:56:02Z
@Jenny-zs2tg,"ㅋㅋ도시락을 봉다리에 넣어서  다니는거
넘 우낌 😅",0,2025-04-04T13:53:06Z
@애리-x5f,진짜 이런 언니랑 친해지고 싶어요ㅋㅋㅋ 너무 재밌을것같은 느낌이.. 항상 몰래 영상 보다가 용기내 댓글달아요😊😊,41,2025-04-04T13:50:48Z
@babikyg,이언니는 굉장히 귀차니즘인거같은데 소분은 굉장히 잘해 ㅋㅋㅋㅋㅋㅋㅋㅋ,26,2025-04-04T13:49:53Z
@jeungsangnam4144,"음....비슷한 방법으로 생활했었음...차이점은 분쇄육, 민찌 등로 대체하고 냉동야채를 썼음...미리 볶아서 소분 냉동해놓으면 해놓은 밥에 전자렌지 돌려서 먹으면 됨...소금후추맛, 다시다맛, 간장맛, 제육맛으로 구분해놓으면 편함...",0,2025-04-04T13:49:31Z
@난니-u3d6t,이거 전에 올리신거죠???,1,2025-04-04T13:48:28Z
@빅토리아-w7l,영상 찍으며 도시락 뚝딱 만들어 출근하시네요~,4,2025-04-04T13:48:06Z
@엠버엠버-i2m,말투 너무 재밌어요 ~ 개미지옥처럼 밤새 계속 보게 되네요 ㅋㅋㅋ,2,2025-04-04T13:47:47Z
@vlogharin,나 이 언니 너무 좋아❤,1,2025-04-04T13:47:30Z
@이아영-y9h,"뚝딱뚝딱 요리영상 말할것도 없이 좋은데 
출근룩 스타일도 좋아욧❤",18,2025-04-04T13:46:04Z
@샤샤샤-p8e,왔어요 그시간이 ㅋㅋㅋ❤❤,1,2025-04-04T13:45:56Z
@ksinhappy,스팸 자르는 거 대박이네요. 맨날 자른다고 도마랑 칼 꺼내기 귀찮았는데.. 저렇게 소분해 놓고 구우면서 뒤집개로 잘라야겠어요,0,2025-04-04T13:44:16Z
@sorok23,왜 남은 스팸을 냉동보관할 생각을 못했을까...0_0;; 방금 음쓰로 버린 아까운 스팸..ㅠㅠ,0,2025-04-04T13:43:15Z
@쵸이림1029,귀찮고 대충하는 것 같아 보이지만 살림이 정돈이 너무 잘 되어있는 것 ~~ 동갑인데 멋지니까 언니해야지❤,126,2025-04-04T13:42:48Z
@김고등어1,당신 귀여움 박사지,11,2025-04-04T13:41:17Z
@s아그리파,❤귀여워..이쁘고 능력도 좋아보이고^^❤,1,2025-04-04T13:41:14Z
@eunyoungkim3424,도시락 가방도 아니고 봉다리 ㅋㅋㅋㅋㅋ,1,2025-04-04T13:40:00Z
@김진희-u1i,이쁘다,0,2025-04-04T13:39:52Z
@user-jk8nu1jv7e,역시 배우신분ㅋㅋㅋ,5,2025-04-04T13:38:55Z
@착한꼰대-jor,이언니 천재임,2,2025-04-04T13:38:25Z
@하늬바람-e4c,발 떠는 영상이 있음 엄청 맛난거고 없음 그냥저냥인듯~아닌가?,0,2025-04-04T13:35:06Z
@최진숙-q3i,난 왜 스펨을 그토록 칼로 잘라댔을까나..쩝 소분해놨다가 뒤집개 ㅋㅋ 땡큐임다요,0,2025-04-04T13:34:38Z
@poodinggg,이랗게 야무지게 살고싳다ㅠ,2,2025-04-04T13:34:08Z
@도레미-j3r,이 언니 세상만사 귀찮은 표정으로 은근 옷까지 잘 챙겨 입음 그저 심플이즈더베스트룩 같아 보이지만 삭스랑 로퍼 디테일 챙기는거 내 눈엔 다 보인다규 😊,898,2025-04-04T13:34:07Z
@rose-p1008,나이는 내가 많지만 언니라 부르고 친하게 지내고 싶은 매력덩어리 푸디젠님 ❤,191,2025-04-04T13:33:51Z
@boralee1248,매번 궁금했는데… 계란껍질은 어디로 던지는거에요??ㅋㅋㅋ,0,2025-04-04T13:33:32Z
@Hotcho-r5u,아 저 발떠는거 개좋아욬ㅋㅋㅋㅋ,25,2025-04-04T13:33:04Z
@ToBeTotoz,언니 멋있어여...,3,2025-04-04T13:30:29Z
@greenbihosu2810,나는 다리에 중독되서 영상본다!,34,2025-04-04T13:30:29Z
@김은화-v2w,와 이 언니 세상부지런 ㅋㅋ 스팸남은거 맨날 어찌 처리하나 고민하고 냉장고 방치인데 냉동실소분보관 배웁니당,325,2025-04-04T13:29:33Z
@Toryruni_hj,ㅋㅋㅋㅋ꼭 바쁠때 더 흘리고 지저분해지는거 ㅠㅠㅠㅠㅜㅜ진짜 공감이에요ㅋㅋㅋㅋ,8,2025-04-04T13:29:21Z
@ponlucy8026,"?? 왜 스팸을 냉동보관해요?? 유통기한이 3년일텐데..
설마.. 스팸까서 한 캔 다 안먹는다고요?????",0,2025-04-04T13:28:33Z
@babyKKAKKAasmr,학c 🤣🤣🤣🤣,0,2025-04-04T13:28:05Z
@noru-e,요즘좋아하는 분,0,2025-04-04T13:27:43Z
@step-y2o,"저 미국여행갔다가 미술관 앞 벤치에서 비닐에 주먹밥 싼것
먹으려 꺼냈다가 주변
외국인들에게 외계인 취급받았던 기억있어
요. 맛만 좋던데. ㅋㅋ",1,2025-04-04T13:27:11Z
@vviippai14,"긍데 진짜 아침에 준비하나요? 출근바쁜데
영상 어찌찍나요...",0,2025-04-04T13:25:02Z
@다니엘-j3o,"미국 사는거 맞아요 비빔면 햇반 보니까
한국사시는",0,2025-04-04T13:24:03Z
@하트-e9d,ㅎㅎ 늘 너무 간단. 다리 덜덜,0,2025-04-04T13:23:07Z
@yan_da.,내 친구랑 생긴것만 닮은 언닌가 아닌가 암튼 조앜ㅋㅋ,0,2025-04-04T13:22:30Z
@달래맘-d3w,진짜 애들 아침밥 뭐해줄까 고민했는데 이 메뉴로 결정이네요. 감사해요❤❤❤,8,2025-04-04T13:22:25Z
@viviankwon6763,omg 나 20년째 전업인데 회사에서 주먹밥 먹고 싶어서 출근이란걸 하고싶어짐 ㅋㅋㅋㅋ😂😂😂,1,2025-04-04T13:21:53Z
@오포아미,"최곱니다~
아침식사 꼭  먹고가는 자식들과 운동 도시락 싸가는 남편  뭐 멕일까 늘 고민인데
진짜 쉽게 한끼 ~~^^배워갑니다.",1,2025-04-04T13:21:51Z
@몽키루퓌,"봉다리
도시락
가방 취저🎉",97,2025-04-04T13:19:58Z
@이프로-c4t,또 비닐봉다리 ㅋㅋㅋㅋㅋ친근함,1,2025-04-04T13:19:51Z
@Surimusuri,뚝딱 너무 잘해요. 스팸 자르는 시간까지 줄이는.....센스쟁이!,64,2025-04-04T13:19:32Z
@사나이-y7w,내밥쫌 ㅋ,1,2025-04-04T13:19:11Z
@roysanghyuncho6989,이게... 시크한 말투에 정신 못차리고 조리하는거만 보다가 은연중에 아 맞다 말하는 사람 이쁘네?!? 착각하며 얼굴 좀 보려는 그 순간 영상 끝...,1,2025-04-04T13:18:05Z
@Edit09876,뭐.. 이 말 좀 안하면 안됌;,0,2025-04-04T13:17:01Z
@하늘지기-b6v,"다욧하세요   2개라뇨ㅋㅋ 기본5개
요리하는모습  사랑스러워요. ❤😂❤❤❤😂",0,2025-04-04T13:16:14Z
@Mon7746-k6z,당신은 천재,12,2025-04-04T13:15:37Z
@dog_nana,그와중에 옷 너무 예쁘심요~😊,4,2025-04-04T13:15:35Z
@용기부여,말만 시크 몸은 최고풰스트 흔들다리퍼니😅,0,2025-04-04T13:15:01Z
@뿌요삐요,언니 영상이 제일 좋아요 ....❤ 이런 댓글 다는 것도 첨인데 많이많이 올려주세요~!~!~!~!~,1,2025-04-04T13:14:59Z
@솜사탕강동인,학C ㅋㅋㅋㅋㅋㅋ,1,2025-04-04T13:14:46Z
@yoknew3115,ㅋㅋㅋㅋ군대서 먹는봉지비빔밥같네,0,2025-04-04T13:13:43Z
@TV-ji9nr,~~아~귀여워요~ 😍,1,2025-04-04T13:12:57Z
@hanye99,젠님 이렇게 간편하게 먹는 음식 소개해줘 고마워요. 주말 아침 식사로 이 메뉴 결정했어요~,3,2025-04-04T13:11:53Z
@User-n4v6d,이 누나 시건방진 목소리 존나 섹시해 시발 사랑해요,0,2025-04-04T13:11:44Z
@김미숙-m2p,귀엽네요 ~♡,0,2025-04-04T13:11:26Z
@Sosomyung,언니 미국 스팸 넘 짜지 않아요?? 식감도 한국 거보다 띵띵? 또잉또잉? 단단한 느낌…? 레스 소듐 사서 데쳐 쓰긴 하는데 언니의 팁 있나요?? 스팸 맛 추천?!,0,2025-04-04T13:11:00Z
@ksj3109,오케이 내일 고래밥 ㅎㅎ,0,2025-04-04T13:10:42Z
@soheechoi5291,정겨운 h마트 봉지😂,0,2025-04-04T13:10:18Z
@손정민-m3n,ㅋㅋ 밥 볶다가 튀어나가는거 너무 현실 고증 100프로네요 ㅠ ㅋㅋ 맛없없 조합이라 한번 해먹어봐야겠어요 ㅎㅎ,8,2025-04-04T13:09:29Z
@통-u7i,"느낌
알지알지🎉🎉🎉🎉",1,2025-04-04T13:09:26Z
@매종,진짜 대단해요 ~~~좋아요 눌러용,1,2025-04-04T13:09:15Z
@김윤정-r9u2s,"매력에 이끌려 자석처럼 왔어요. 스팸소분,스파츌라로 써는거 와~~~😊",2,2025-04-04T13:09:10Z
@앵두-p3x,다리  떠는 거 넘 욱겨,0,2025-04-04T13:08:46Z
@풍뎅이대원,"와아! 언제 스팸 소분해서 냉동 해놨나여?
털털하신것 같은데...완젼 꼼꼼 !
머리도 넘 좋으셔!",27,2025-04-04T13:07:57Z
@랄드-k9v,재밌다😂😂😂,0,2025-04-04T13:06:44Z
@pmj90,꺄!! 멋졍❤,2,2025-04-04T13:06:29Z
@miryelee902,효율퀸임 근데 무심한 부지런함을 곁들인,119,2025-04-04T13:05:31Z
@Emong0616,나중에 각잡고 할 땐 중간에 볶음김치 넣음 더 맛나겠다…감사합니답❤,3,2025-04-04T13:05:30Z
@소화나라,"저도 요즘 스륵륵 긴단한  꾸밈없는
주먹밥.",0,2025-04-04T13:05:03Z
@구경선-f6w,"요리 관심 없었는데 덕분에 관심 생겼어요~
쉽게 요리하는거 같은데 넘 맛나보여요❤
뚝딱뚝딱",1,2025-04-04T13:04:46Z
@j.k9511,맛잇져  맛잇져 ㅋㅋ,0,2025-04-04T13:04:05Z
@Migle2,"캬 진짜 요리에 대한 부담감은 낮추되 맛은 보장!ㅋㅋㅋㅋㅋㅋㅋㅋ
고래밥 빼고 재료는 다 집에 있으니 월욜 아침에 해봐야게써요 ㅋㅋㅋ",0,2025-04-04T13:04:05Z
@pluto-so4oh,와 스팸 소분 해놓으신거 대박! 항상 말은 빨리 빨리 귀찮 귀찮 하지만 제잏 부지런 할 거 같은 유튜버 1위ㅋㅋㅋㅋ,4306,2025-04-04T13:04:03Z
@gggkk110,달걀껍질 던지는겈ㅋㅋㅋㄱㄲ나랑똑같..;;; ㅋㅋㅋ,0,2025-04-04T13:04:03Z
@은미박-x9c,귀차니즘과 극 효율의 콜라보네요 ^^,23,2025-04-04T13:03:46Z
@miisso_sesang,빨랐다 언니ㅜ사랑해,2,2025-04-04T13:01:54Z
@_foodie_jen,"직장인 초간단 도시락




회사 출근해야 할때마다
자주 해가는 주먹밥메뉴랍니더!

어떻게보면 스팸무수비의
간편버전 같아요!

아는맛이 더무서운법…


재료(1인분기준)👉🏻
햇반1개 큰거
스팸2조각 (간장1, 설탕1 조려주기)
계란2개
후리카케
참기름
조미김",593,2025-04-04T13:01:27Z
