group,seed_used,relKeyword,monthlyPcQcCnt,monthlyMobileQcCnt,compIdx,monthlyAvePcClkCnt,monthlyAveMobileClkCnt,monthlyAvePcCtr,monthlyAveMobileCtr,plAvgDepth,compAvgRank,totalSearch
올리브영,올리브영,올리브영,664700,2122300,,226.1,3049.4,0.04,0.16,2.0,,2787000
올리브영,올영,올영,8810,53300,,5.9,241.6,0.08,0.5,3.0,,62110
쿠팡 화장품,쿠팡,쿠팡,6138200,6094900,,485.0,2566.7,0.05,0.05,1.0,,12233100
쿠팡 화장품,쿠팡,쿠팡이츠,27000,77900,,51.0,446.5,0.21,0.62,8.0,,104900
쿠팡 화장품,쿠팡,쿠팡알바,7150,52600,,113.5,1450.8,1.72,2.96,8.0,,59750
쿠팡 화장품,쿠팡,쿠팡이츠배달파트너,3190,15400,,478.7,439.4,16.43,3.11,2.0,,18590
쿠팡 화장품,쿠팡,쿠팡이츠배달,1030,5660,,13.1,107.8,1.35,2.05,7.0,,6690
쿠팡 화장품,쿠팡,쿠팡배달파트너,490,3080,,22.0,97.1,4.88,3.41,3.0,,3570
쿠팡 화장품,쿠팡,쿠팡배달,570,2490,,13.6,115.0,2.55,5.0,5.0,,3060
쿠팡 화장품,쿠팡,쿠팡배달알바,460,2420,,6.8,103.3,1.63,4.62,9.0,,2880
쿠팡 화장품,쿠팡,쿠팡이츠알바,150,740,,1.7,1.7,1.22,0.25,5.0,,890
쿠팡 화장품,쿠팡,쿠팡라이더,120,500,,25.0,38.0,24.78,9.0,1.0,,620
쿠팡 화장품,쿠팡,쿠팡이츠라이더,100,280,,17.1,50.0,18.82,19.93,1.0,,380
쿠팡 화장품,쿠팡,쿠팡이츠파트너,160,210,,54.9,13.3,34.94,7.18,1.0,,370
쿠팡 화장품,쿠팡,쿠팡이츠배달파트너교육,220,120,,16.2,2.9,8.2,2.61,1.0,,340
피부과,피부과,피부과,35200,561400,,115.2,1005.8,0.36,0.2,10.0,,596600
피부과,피부과,정형외과,32700,470200,,34.7,507.3,0.12,0.12,10.0,,502900
피부과,피부과,내과,25700,393900,,19.2,280.4,0.09,0.08,10.0,,419600
피부과,피부과,한의원,12900,173400,,27.9,245.8,0.24,0.16,10.0,,186300
피부과,피부과,대상포진,20300,155800,,11.8,362.6,0.07,0.26,10.0,,176100
피부과,피부과,근처피부과,4500,79800,,4.2,303.6,0.11,0.41,10.0,,84300
피부과,피부과,발바닥통증,4980,67800,,10.4,626.2,0.23,0.99,10.0,,72780
피부과,피부과,콜라겐,11500,63600,,235.4,1437.4,2.16,2.44,10.0,,75100
피부과,피부과,365의원,2270,59500,,72.3,559.2,3.43,1.04,1.0,,61770
피부과,피부과,쥐젖제거,6420,51000,,49.8,2084.6,0.83,4.48,10.0,,57420
피부과,피부과,외과,3970,45300,,1.3,62.0,0.04,0.15,10.0,,49270
피부과,피부과,신경과,4660,41700,,12.1,263.0,0.28,0.68,10.0,,46360
피부과,피부과,폐암초기증상,2540,40100,,2.4,258.5,0.11,0.69,10.0,,42640
피부과,피부과,허리통증,4040,33900,,4.7,151.6,0.13,0.49,10.0,,37940
피부과,피부과,인모드,6270,30300,,5.7,47.0,0.1,0.17,10.0,,36570
피부과,피부과,한방병원,3620,29100,,23.3,205.2,0.69,0.76,10.0,,32720
피부과,피부과,닥터스피부과,3480,28100,,106.8,1080.8,15.93,16.63,1.0,,31580
피부과,피부과,지루성피부염,4320,25400,,1.9,62.8,0.05,0.27,10.0,,29720
피부과,피부과,발뒤꿈치통증,2080,25200,,2.9,261.8,0.15,1.12,10.0,,27280
피부과,피부과,교통사고,3580,24800,,2.4,43.4,0.08,0.19,10.0,,28380
피부과,피부과,동탄피부과,3270,21200,,25.0,220.2,0.82,1.11,10.0,,24470
피부과,피부과,오십견,4530,19200,,1.9,21.2,0.05,0.12,10.0,,23730
피부과,피부과,골반통증,1500,19100,,1.0,54.0,0.08,0.31,10.0,,20600
피부과,피부과,목디스크,3980,18400,,5.7,66.6,0.16,0.39,10.0,,22380
피부과,피부과,송도피부과,2830,17500,,14.0,84.6,0.53,0.52,10.0,,20330
피부과,피부과,오른쪽등통증,1090,16700,,0.1,47.0,0.01,0.31,10.0,,17790
피부과,피부과,의원,1660,16500,,2.7,16.3,0.18,0.11,10.0,,18160
피부과,피부과,피부과전문의,2240,16300,,4.7,62.4,0.23,0.41,10.0,,18540
피부과,피부과,소아청소년과,740,16300,,0.3,18.8,0.05,0.13,10.0,,17040
피부과,피부과,퇴행성관절염,2230,15200,,0.7,44.4,0.04,0.31,10.0,,17430
피부과,피부과,실리프팅,3230,14900,,15.1,111.0,0.5,0.8,10.0,,18130
피부과,피부과,체지방줄이는법,1680,14700,,1.8,43.3,0.12,0.32,10.0,,16380
피부과,피부과,써마지가격,1670,14100,,4.9,94.8,0.31,0.71,10.0,,15770
피부과,피부과,임신기간,2010,13700,,0.1,15.8,0.01,0.13,8.0,,15710
피부과,피부과,다이어트한약,3760,13400,,14.8,132.8,0.42,1.08,10.0,,17160
피부과,피부과,좌골신경통,2860,13400,,0.7,23.2,0.03,0.19,10.0,,16260
피부과,피부과,더퍼스트피부과,1500,13300,,32.7,460.5,2.33,3.68,3.0,,14800
피부과,피부과,추나요법,1910,12600,,1.5,66.2,0.09,0.56,10.0,,14510
피부과,피부과,수액,1730,12400,,1.6,15.0,0.1,0.13,10.0,,14130
피부과,피부과,엉덩이통증,870,12000,,1.3,58.6,0.17,0.53,10.0,,12870
피부과,피부과,건대병원,2340,11900,,0.0,0.0,0.0,0.0,1.0,,14240
피부과,피부과,목디스크초기증상,1650,10900,,0.6,28.3,0.04,0.29,10.0,,12550
피부과,피부과,근처한의원,820,10900,,0.3,20.8,0.04,0.21,7.0,,11720
피부과,피부과,인천피부과,1900,10900,,6.3,67.0,0.36,0.66,10.0,,12800
피부과,피부과,피부묘기증,1920,10800,,1.2,31.0,0.07,0.31,10.0,,12720
피부과,피부과,건대피부과,2120,10500,,27.2,166.4,1.38,1.68,10.0,,12620
피부과,피부과,서울피부과,920,9760,,8.3,23.2,0.95,0.26,10.0,,10680
피부과,피부과,재활병원,1300,9730,,14.9,183.4,1.21,2.02,10.0,,11030
피부과,피부과,관절염,1460,9660,,1.4,30.4,0.11,0.34,10.0,,11120
피부과,피부과,365,1680,9420,,7.1,24.2,0.45,0.28,4.0,,11100
피부과,피부과,피부과의원,1020,8830,,3.8,21.6,0.41,0.27,10.0,,9850
피부과,피부과,포항피부과,1190,8690,,18.5,239.2,1.69,2.95,10.0,,9880
피부과,피부과,피부관리샵,710,8640,,6.8,67.6,1.0,0.83,10.0,,9350
피부과,피부과,쑥뜸,920,8640,,11.6,206.3,1.36,2.62,8.0,,9560
피부과,피부과,근육통,1200,8500,,1.9,16.0,0.17,0.21,10.0,,9700
피부과,피부과,요통,2310,8420,,0.8,6.0,0.04,0.08,10.0,,10730
피부과,피부과,인천한방병원,1280,8330,,4.1,17.1,0.35,0.22,10.0,,9610
피부과,피부과,카이로프랙틱,1600,8320,,1.5,50.2,0.11,0.67,10.0,,9920
피부과,피부과,허리디스크치료,910,8290,,1.9,58.4,0.23,0.76,10.0,,9200
피부과,피부과,척추,1860,8060,,1.2,14.2,0.07,0.19,10.0,,9920
피부과,피부과,붉은반점,590,8060,,0.0,13.3,0.0,0.18,5.0,,8650
피부과,피부과,마늘주사,2160,8050,,2.1,10.5,0.11,0.14,10.0,,10210
피부과,피부과,체리혈관종,1080,7950,,1.3,14.6,0.13,0.22,5.0,,9030
피부과,피부과,허벅지통증,540,7760,,0.8,30.2,0.17,0.43,10.0,,8300
피부과,피부과,모낭충,740,7750,,1.3,23.0,0.19,0.32,10.0,,8490
피부과,피부과,여수피부과,820,7510,,6.7,49.6,0.85,0.7,10.0,,8330
피부과,피부과,신촌피부과,960,6420,,4.6,46.4,0.52,0.77,10.0,,7380
피부과,피부과,고관절통증원인,600,6400,,3.3,105.0,0.61,1.81,10.0,,7000
피부과,피부과,부황,960,6370,,2.8,64.0,0.31,1.08,8.0,,7330
피부과,피부과,교통사고병원,790,6180,,2.6,37.2,0.36,0.65,10.0,,6970
피부과,피부과,허리통증원인,580,6120,,1.3,26.0,0.25,0.46,10.0,,6700
피부과,피부과,몽유병,590,6100,,0.0,5.5,0.0,0.1,10.0,,6690
피부과,피부과,피부,1470,6000,,0.3,11.8,0.03,0.22,10.0,,7470
피부과,피부과,신사역피부과,1490,5530,,3.9,26.4,0.28,0.5,10.0,,7020
피부과,피부과,옆구리,830,5460,,0.5,4.5,0.07,0.09,10.0,,6290
피부과,피부과,허벅지뒤쪽통증,400,5430,,0.4,25.8,0.11,0.52,10.0,,5830
피부과,피부과,산본피부과,830,5370,,4.4,65.5,0.57,1.3,10.0,,6200
피부과,피부과,구의역피부과,250,5300,,0.1,9.1,0.05,0.19,10.0,,5550
피부과,피부과,인천한의원,1080,5210,,1.5,14.6,0.15,0.31,10.0,,6290
피부과,피부과,제주피부과,750,5180,,7.7,65.2,1.11,1.35,8.0,,5930
피부과,피부과,신경성형술,1320,5170,,1.8,25.0,0.15,0.52,10.0,,6490
피부과,피부과,동탄역피부과,630,5160,,8.4,61.7,1.42,1.29,10.0,,5790
피부과,피부과,겨드랑이,730,5050,,0.5,13.0,0.08,0.28,10.0,,5780
피부과,피부과,어린이병원,580,4900,,0.5,9.5,0.09,0.22,10.0,,5480
피부과,피부과,송도한의원,830,4870,,1.8,6.8,0.23,0.16,10.0,,5700
피부과,피부과,피부두드러기,490,4850,,0.0,6.8,0.0,0.16,10.0,,5340
피부과,피부과,여성의원,330,4690,,5.5,20.2,1.73,0.46,10.0,,5020
피부과,피부과,아이디피부과,880,4480,,28.6,276.2,3.46,6.57,2.0,,5360
피부과,피부과,강동구한의원,570,4330,,0.5,8.2,0.1,0.21,10.0,,4900
피부과,피부과,피부샵,270,4320,,1.1,21.4,0.43,0.53,10.0,,4590
피부과,피부과,후종인대골화증,1190,4220,,0.1,23.8,0.01,0.6,10.0,,5410
피부과,피부과,부종원인,360,4110,,3.7,63.3,1.08,1.66,7.0,,4470
피부과,피부과,피부과병원,300,3960,,0.5,19.5,0.18,0.54,10.0,,4260
피부과,피부과,스킨바이브,1740,3930,,4.1,8.5,0.26,0.23,7.0,,5670
피부과,피부과,관절,950,3810,,2.5,21.8,0.28,0.61,8.0,,4760
피부과,피부과,비만계산기,580,3790,,0.0,0.0,0.0,0.0,0.0,,4370
피부과,피부과,강남피부관리,660,3780,,1.4,8.6,0.23,0.25,10.0,,4440
피부과,피부과,인계동한의원,250,3660,,0.1,5.2,0.05,0.16,10.0,,3910
피부과,피부과,허리근육강화운동,320,3610,,1.4,145.5,0.48,4.36,7.0,,3930
피부과,피부과,용인피부과,1280,3530,,5.3,43.2,0.44,1.32,10.0,,4810
