seed,relKeyword,monthlyPcQcCnt,monthlyMobileQcCnt,compIdx,monthlyAvePcClkCnt,monthlyAveMobileClkCnt,monthlyAvePcCtr,monthlyAveMobileCtr,plAvgDepth,compAvgRank
커피,커피,12300,218100,높음,16.1,399.0,0.14,0.2,10,
커피,커피숍,2370,142600,높음,2.4,109.6,0.11,0.09,10,
커피,전시회,21100,84300,높음,6.4,131.3,0.04,0.17,10,
커피,커피머신,13600,84100,높음,96.0,547.3,0.75,0.74,8,
커피,쌀20KG,13900,76500,높음,392.9,2825.5,3.08,4.11,8,
커피,서울전시회,16000,74700,높음,33.1,183.8,0.23,0.27,10,
커피,커스텀커피,3760,37500,높음,2.0,39.3,0.06,0.12,10,
커피,계란,5580,34100,높음,49.1,692.3,0.89,2.02,8,
커피,키친타올,4370,26800,높음,13.0,314.0,0.32,1.27,8,
커피,대구카페,2690,23300,높음,0.9,56.3,0.04,0.27,10,
커피,생수2L,3400,23100,높음,19.5,279.8,0.59,1.26,8,
커피,콜드브루,3560,22700,높음,21.4,154.3,0.61,0.71,8,
커피,커피믹스,6450,22200,높음,42.4,758.8,0.7,3.59,8,
커피,부산전시회,4500,22000,높음,3.8,41.8,0.1,0.21,10,
커피,커피원두,11700,20700,높음,371.0,426.5,3.32,2.31,8,
커피,원두커피,4440,18600,높음,64.8,234.8,1.5,1.4,8,
커피,얼그레이,2040,17300,높음,2.1,87.3,0.12,0.57,8,
커피,생수500,3160,17100,높음,24.8,422.0,0.8,2.56,8,
커피,앵커버터,3330,15300,높음,19.0,188.6,0.61,1.3,10,
커피,캡슐커피머신,3660,15300,높음,48.5,269.3,1.42,1.94,8,
커피,드립커피,7500,15200,높음,12.8,92.0,0.18,0.66,8,
커피,더치커피,2500,14600,높음,14.8,113.0,0.61,0.81,8,
커피,맥심화이트골드,3870,14100,높음,32.0,347.8,0.86,2.58,8,
커피,식용유,5290,13800,높음,10.9,220.3,0.22,1.7,8,
커피,커피맛집,840,13200,높음,1.0,40.0,0.15,0.34,8,
커피,요구르트,10100,13100,높음,342.6,250.3,3.42,2.02,8,
커피,창업,9580,12600,높음,52.7,153.2,0.59,1.28,10,
커피,음료수,3550,11600,높음,43.3,183.3,1.23,1.63,8,
커피,숙주,1310,10600,높음,0.0,1.3,0.0,0.02,3,
커피,부산전시,3350,9580,높음,0.7,13.5,0.03,0.16,10,
커피,아라비카커피,920,9410,높음,1.8,76.3,0.22,0.88,10,
커피,커피종류,970,9360,높음,0.0,2.7,0.0,0.04,3,
커피,헤이즐넛,1470,9230,높음,5.2,135.8,0.37,1.61,10,
커피,시나몬가루,780,8830,높음,5.4,184.8,0.79,2.43,8,
커피,전자동커피머신,2240,8250,높음,20.3,85.0,0.96,1.12,8,
커피,단백질커피,1060,8180,높음,15.6,398.2,1.42,5.07,10,
커피,부산주류박람회,2410,8180,중간,0.5,0.9,0.04,0.03,2,
커피,라떼,1520,8130,높음,1.3,24.8,0.09,0.34,8,
커피,유라커피머신,3140,7830,높음,16.8,119.4,0.45,1.67,10,
커피,대구전시회,1670,7630,높음,1.5,37.8,0.1,0.55,10,
커피,드립백커피,6740,7560,높음,12.0,51.8,0.18,0.79,8,
커피,제로음료,1800,6730,높음,5.8,31.0,0.34,0.5,8,
커피,맥심슈프림골드,1510,6710,높음,6.1,240.0,0.43,3.84,8,
커피,커피머신기,1620,6540,높음,11.7,72.2,0.76,1.18,10,
커피,자판기,2460,6330,높음,64.1,135.8,2.78,2.28,7,
커피,카페창업,1970,6280,높음,29.9,122.0,1.59,2.14,10,
커피,카누아메리카노,1120,6260,높음,11.4,155.0,1.04,2.6,8,
커피,COFFEE,1320,5910,높음,0.3,19.3,0.03,0.35,10,
커피,커피메이커,2360,5900,높음,5.0,44.0,0.31,0.8,8,
커피,카누다크로스트,1230,5830,높음,11.8,124.5,0.99,2.27,8,
커피,맥심모카골드400,2420,5820,높음,37.6,99.3,1.6,1.82,8,
커피,드립백,6880,5650,높음,11.3,44.5,0.17,0.82,8,
커피,자동커피머신,1190,5310,높음,12.3,60.8,1.08,1.27,8,
커피,콜드브루원액,840,4980,높음,5.3,61.0,0.64,1.34,8,
커피,맛소금,970,4770,높음,8.1,107.8,0.86,2.42,8,
커피,레몬청,1460,4620,높음,11.8,88.3,0.87,1.97,8,
커피,원두커피머신,1240,4370,높음,12.0,46.8,1.03,1.16,8,
커피,폴바셋원두,840,4190,높음,10.5,94.8,1.4,2.5,8,
커피,콩커피,430,4130,높음,1.0,17.0,0.25,0.47,10,
커피,슈프림골드,920,4110,높음,3.9,117.3,0.45,3.04,8,
커피,페이퍼타올,1320,4110,높음,6.5,53.8,0.52,1.35,8,
커피,원두1KG,1210,4040,높음,19.8,109.8,1.69,2.96,8,
커피,아이스커피,1120,3870,높음,77.3,38.0,3.76,0.96,8,
커피,이디야커피믹스,870,3810,높음,4.4,87.0,0.52,2.44,8,
커피,1리터커피,370,3800,높음,1.1,9.8,0.32,0.28,10,
커피,카페쇼,1800,3770,높음,1.2,4.5,0.08,0.13,10,
커피,맥심모카골드믹스,960,3760,높음,10.6,80.3,1.13,2.2,8,
커피,탄산음료,1000,3740,높음,6.3,37.8,0.66,1.08,8,
커피,커피머신렌탈,4650,3710,높음,83.9,162.8,1.51,4.22,10,
커피,대구전시,1230,3560,높음,1.9,19.3,0.18,0.62,10,
커피,자몽청,1050,3510,높음,7.9,74.8,0.77,2.25,8,
커피,데미소다,720,3410,높음,1.5,70.0,0.22,2.2,8,
커피,커피자판기,1050,3140,높음,13.4,66.3,1.33,2.37,8,
커피,저가커피,460,2980,높음,9.3,19.8,2.04,0.71,10,
커피,냉온수기,1480,2900,높음,10.6,43.0,0.75,1.59,8,
커피,맥심화이트골드400,1280,2720,높음,8.9,53.5,0.73,2.11,8,
커피,원두콩,310,2640,높음,5.3,41.3,1.87,1.78,8,
커피,핸드드립커피,480,2570,높음,0.9,24.0,0.21,1.03,8,
커피,에티오피아원두,320,2510,높음,2.5,30.8,0.84,1.28,8,
커피,로스팅,680,2500,높음,0.9,6.0,0.14,0.26,10,
커피,칸타타아메리카노,320,2450,높음,0.0,9.3,0.0,0.41,3,
커피,더치커피원액,300,2360,높음,3.6,28.5,1.17,1.16,8,
커피,액상커피,730,2300,높음,7.6,36.5,1.07,1.65,8,
커피,알커피,520,2260,높음,3.1,33.3,0.63,1.6,8,
커피,공연정보,2520,2160,높음,0.7,0.8,0.04,0.05,10,
커피,커피원두추천,780,2140,높음,7.9,28.9,1.11,1.51,10,
커피,냉동과일,680,2080,높음,13.5,40.8,2.06,2.02,8,
커피,칸타타헤이즐넛,230,2000,높음,3.9,41.5,1.66,2.16,8,
커피,로스터리,490,1920,높음,3.0,6.8,0.66,0.38,8,
커피,산미없는원두,220,1870,높음,1.3,19.8,0.61,1.11,8,
커피,케냐AA,400,1850,높음,4.3,38.0,1.11,2.22,8,
커피,디카페인콜드브루,340,1850,높음,1.0,16.0,0.33,0.95,8,
커피,베트남연유,360,1830,높음,5.1,47.5,1.56,2.74,8,
커피,커피박람회,780,1820,높음,1.1,4.5,0.15,0.28,10,
커피,식용유18L,340,1810,높음,3.1,38.5,0.99,2.29,8,
커피,동구전자커피머신,620,1800,높음,8.2,41.5,1.35,2.31,10,
커피,맥심아이스커피,470,1760,높음,0.8,14.3,0.16,0.79,8,
커피,테이블냅킨,380,1760,높음,1.8,21.5,0.47,1.3,8,
커피,커피가루,380,1740,높음,0.8,10.5,0.22,0.66,8,
커피,레몬차,390,1740,높음,2.0,30.0,0.56,1.84,8,
카페,카페,29700,1296000,높음,13.3,1224.8,0.05,0.11,8,
카페,근처맛집,18100,885300,높음,21.8,3786.3,0.13,0.48,8,
카페,근처카페,3710,488000,높음,2.3,1394.3,0.07,0.32,8,
카페,주변맛집,9110,395400,중간,14.6,2207.1,0.18,0.63,8,
카페,식당,18500,372300,높음,4.8,359.8,0.03,0.11,8,
카페,영화관,28400,308700,중간,26.1,1015.1,0.1,0.32,3,
카페,요아정,17600,206500,중간,29.7,810.4,0.2,0.45,3,
카페,서울가볼만한곳,20500,198800,높음,74.7,1341.4,0.42,0.77,10,
카페,홍대맛집,18100,188600,높음,54.4,930.5,0.33,0.55,8,
카페,내주변맛집,2940,169000,높음,4.1,828.8,0.15,0.54,8,
카페,부산맛집,22800,166400,높음,134.6,2106.8,0.65,1.4,8,
카페,커피숍,2370,142600,높음,2.4,109.6,0.11,0.09,10,
카페,성수맛집,18200,135600,높음,43.4,681.5,0.26,0.56,8,
카페,음식점,12900,126400,높음,5.6,124.3,0.05,0.11,8,
카페,내근처맛집,2240,123900,높음,4.0,504.5,0.19,0.46,8,
카페,빙수,3520,106500,높음,7.7,134.5,0.21,0.14,7,
카페,브런치카페,3250,103300,높음,7.8,389.4,0.26,0.42,10,
카페,홍대놀거리,8870,93400,높음,61.7,907.8,0.77,1.09,10,
카페,가평가볼만한곳,8480,88800,높음,126.0,2679.5,1.67,3.42,10,
카페,팥빙수,6620,88600,높음,30.9,478.0,0.47,0.58,7,
카페,근처가볼만한곳,720,88300,높음,5.5,574.5,0.95,0.77,10,
카페,경기도가볼만한곳,8620,77500,높음,114.3,1575.2,1.6,2.45,10,
카페,창원맛집,7890,77500,높음,12.2,302.6,0.18,0.44,10,
카페,일산맛집,8150,76600,높음,36.8,1084.8,0.5,1.57,8,
카페,서울놀거리,11000,76300,높음,49.8,476.4,0.51,0.7,10,
카페,대형카페,2210,66300,높음,17.9,433.1,0.86,0.73,10,
카페,애견동반카페,1580,64600,높음,13.0,409.5,0.92,0.72,8,
카페,성수카페,6650,59700,중간,8.9,250.3,0.15,0.47,7,
카페,대게,7000,58600,높음,66.5,827.5,1.02,1.53,8,
카페,성수동맛집,7510,58300,중간,40.3,645.4,0.59,1.24,8,
카페,하이오커피,4710,54900,중간,5.7,54.4,0.13,0.11,6,
카페,용인가볼만한곳,5340,54600,높음,58.3,1045.5,1.29,2.29,10,
카페,아사이볼,7000,53600,높음,44.0,540.8,0.64,1.05,8,
카페,실내가볼만한곳,3450,50400,높음,47.0,475.8,1.44,1.02,7,
카페,실내데이트,5480,46700,높음,38.7,344.0,0.7,0.74,10,
카페,까페,1120,46300,높음,0.6,73.5,0.07,0.18,8,
카페,스테이크,3930,45500,높음,19.4,241.8,0.52,0.6,8,
카페,베스트셀러순위,7370,44100,높음,77.5,1100.4,1.14,2.65,10,
카페,프렌치토스트,2670,43800,높음,6.4,116.0,0.26,0.29,7,
카페,동래맛집,5490,43500,높음,27.9,421.8,0.56,1.08,8,
카페,신논현역맛집,5120,42900,높음,15.9,221.0,0.34,0.54,8,
카페,마산맛집,4410,41500,높음,12.8,216.0,0.32,0.59,10,
카페,창원가볼만한곳,4310,41000,높음,21.1,405.8,0.58,1.14,10,
카페,소금빵,3410,40200,높음,17.8,225.8,0.56,0.64,8,
카페,파스타맛집,1520,38900,높음,8.0,348.8,0.56,1.0,8,
카페,가볼만한곳,2620,38600,높음,15.3,286.5,0.74,0.91,10,
카페,안양맛집,5340,38500,높음,25.9,415.3,0.52,1.19,8,
카페,베스트셀러,12600,37200,높음,62.8,247.6,0.54,0.71,10,
카페,미사맛집,4590,36800,높음,28.1,307.8,0.65,0.95,8,
카페,서산가볼만한곳,3580,36400,높음,21.3,426.3,0.7,1.4,10,
카페,서울실내가볼만한곳,4040,36200,높음,29.3,500.0,0.74,1.46,10,
카페,빵,4260,35700,높음,15.8,164.5,0.39,0.5,8,
카페,근처커피숍,220,35500,높음,0.0,38.6,0.0,0.13,3,
카페,문래맛집,5990,34600,높음,4.0,44.3,0.08,0.15,10,
카페,서울실내놀거리,4730,34500,높음,41.2,426.0,0.88,1.26,10,
카페,책추천,5640,34300,높음,2.9,56.3,0.06,0.18,10,
카페,팔공산카페,1410,34300,높음,16.5,809.6,1.26,2.66,8,
카페,대전카페,3900,34000,높음,1.5,21.3,0.05,0.07,10,
카페,에그타르트,3800,33700,높음,20.1,334.3,0.54,1.08,8,
카페,파티룸,5180,33300,높음,66.1,516.8,1.31,1.63,8,
카페,맛집추천,1310,33300,높음,5.3,241.0,0.44,0.81,9,
카페,다산맛집,3620,31200,높음,13.9,249.5,0.42,0.89,8,
카페,서울실내데이트,6260,29900,높음,36.7,221.5,0.59,0.74,10,
카페,부산송도맛집,3100,28100,중간,27.1,435.7,0.95,1.76,8,
카페,영도카페,2050,27600,중간,0.5,3.9,0.03,0.02,2,
카페,익선동맛집,3610,27300,높음,6.9,98.5,0.21,0.4,10,
카페,창원가로수길맛집,3000,27000,높음,6.3,130.0,0.23,0.54,8,
카페,성수동핫플,3070,26000,높음,11.4,197.3,0.43,0.92,10,
카페,롯데타워맛집,2360,25500,높음,13.5,249.5,0.6,1.07,8,
카페,관저동맛집,2770,25400,높음,9.6,154.0,0.38,0.67,8,
카페,부산카페,3430,25200,높음,5.3,68.8,0.17,0.31,9,
카페,가평카페,2740,24300,중간,25.2,500.8,1.02,2.33,8,
카페,일산가볼만한곳,2000,24200,높음,16.4,434.6,0.92,2.08,10,
카페,망원동맛집,2830,24000,높음,3.9,60.3,0.16,0.28,10,
카페,서울데이트,5230,23500,높음,17.4,57.0,0.39,0.27,8,
카페,역삼역맛집,5930,23300,높음,7.9,80.0,0.14,0.44,10,
카페,대구카페,2690,23300,높음,0.9,56.3,0.04,0.27,10,
카페,화성가볼만한곳,2080,22800,높음,18.0,277.0,1.02,1.45,10,
카페,합천가볼만한곳,2240,21800,높음,12.4,330.3,0.65,1.8,10,
카페,아이와가볼만한곳,1850,21600,높음,23.5,261.6,1.49,1.46,10,
카페,운정맛집,2250,21300,높음,15.1,274.3,0.73,1.4,8,
카페,천안카페,1900,20800,높음,7.5,130.5,0.45,0.71,8,
카페,상봉맛집,2340,20800,높음,4.8,94.8,0.22,0.51,8,
카페,의왕맛집,2270,20500,높음,13.6,173.3,0.64,0.96,8,
카페,스테이크맛집,1440,20200,중간,10.0,235.1,0.74,1.32,8,
카페,아이랑갈만한곳,1260,20000,높음,9.9,316.6,0.97,1.87,10,
카페,서울갈만한곳,2340,19900,높음,11.1,178.3,0.55,1.05,10,
카페,양식,2910,19800,높음,33.4,27.3,1.18,0.15,7,
카페,요거트아이스크림,1460,19600,높음,9.9,122.3,0.72,0.69,8,
카페,성수동놀거리,2260,19500,높음,11.5,167.0,0.58,0.98,10,
카페,두정동맛집,3000,19200,높음,4.2,90.1,0.16,0.52,9,
카페,송리단길,2880,19000,높음,2.3,44.0,0.09,0.26,7,
카페,놀거리,1030,18700,높음,3.2,35.3,0.35,0.22,10,
카페,원두커피,4440,18600,높음,64.8,234.8,1.5,1.4,8,
카페,서울여행,6230,18500,높음,18.3,102.3,0.32,0.61,10,
카페,건대놀거리,1650,18000,높음,14.8,255.3,0.96,1.59,10,
카페,시청역맛집,4210,17400,높음,13.0,149.3,0.33,0.95,8,
카페,드라이브갈만한곳,1250,17400,높음,9.6,216.5,0.9,1.43,10,
카페,카페맛집,340,16800,높음,3.4,127.5,0.98,0.83,10,
카페,진접맛집,1860,16500,높음,14.6,315.0,0.86,2.07,8,
아메리카노,네스프레소캡슐,8960,53000,높음,129.5,1310.4,1.53,2.64,10,
아메리카노,콜드브루,3560,22700,높음,21.4,154.3,0.61,0.71,8,
아메리카노,디카페인커피,2530,18200,높음,10.8,195.0,0.45,1.16,8,
아메리카노,생일선물,3500,17600,높음,3.7,88.6,0.11,0.53,10,
아메리카노,더치커피,2500,14600,높음,14.8,113.0,0.61,0.81,8,
아메리카노,남자친구생일선물,1890,14200,높음,3.6,63.3,0.21,0.49,10,
아메리카노,아메리카노,2630,13700,높음,7.3,77.8,0.29,0.61,8,
아메리카노,조공,3450,13000,높음,26.4,111.2,0.81,0.95,10,
아메리카노,발렌타인데이,1240,13000,높음,0.0,7.4,0.0,0.07,10,
아메리카노,에스프레소,1900,10700,높음,16.6,128.3,0.9,1.28,7,
아메리카노,아라비카커피,920,9410,높음,1.8,76.3,0.22,0.88,10,
아메리카노,커피종류,970,9360,높음,0.0,2.7,0.0,0.04,3,
아메리카노,라떼,1520,8130,높음,1.3,24.8,0.09,0.34,8,
아메리카노,커피캡슐,1760,6570,높음,22.3,141.0,1.3,2.3,8,
아메리카노,바닐라라떼,870,5940,높음,3.3,51.3,0.4,0.91,8,
아메리카노,COFFEE,1320,5910,높음,0.3,19.3,0.03,0.35,10,
아메리카노,편의점커피,920,5530,높음,0.3,29.5,0.03,0.58,8,
아메리카노,콜드브루원액,840,4980,높음,5.3,61.0,0.64,1.34,8,
아메리카노,포션커피,940,4710,높음,7.3,96.8,0.8,2.14,8,
아메리카노,남편생일선물,780,4480,높음,1.8,29.8,0.25,0.75,10,
아메리카노,임산부커피,650,4060,높음,3.1,37.8,0.51,1.03,10,
아메리카노,헤이즐넛커피,480,3930,높음,2.3,47.5,0.49,1.31,8,
아메리카노,아이스커피,1120,3870,높음,77.3,38.0,3.76,0.96,8,
아메리카노,카페라떼만들기,310,3760,높음,1.3,53.0,0.45,1.57,10,
아메리카노,남자생일선물,690,3480,높음,1.6,20.3,0.25,0.63,10,
아메리카노,핸드드립세트,800,3430,높음,12.0,117.0,1.5,3.63,8,
아메리카노,디카페인아메리카노,540,3330,높음,3.0,51.8,0.59,1.67,8,
아메리카노,200일선물,390,3230,높음,1.1,12.0,0.28,0.4,10,
아메리카노,선물하기,1600,3040,높음,6.4,8.5,0.43,0.29,10,
아메리카노,핸드드립커피,480,2570,높음,0.9,24.0,0.21,1.03,8,
아메리카노,콘트라베이스블랙,370,2480,높음,2.9,25.8,0.88,1.11,8,
아메리카노,칸타타아메리카노,320,2450,높음,0.0,9.3,0.0,0.41,3,
아메리카노,에소프레소,310,2390,높음,3.8,30.0,1.33,1.35,8,
아메리카노,더치커피원액,300,2360,높음,3.6,28.5,1.17,1.16,8,
아메리카노,액상커피,730,2300,높음,7.6,36.5,1.07,1.65,8,
아메리카노,콜드브루메이커,520,2150,높음,3.1,46.3,0.62,2.24,8,
아메리카노,커피원액,540,2060,높음,7.1,29.8,1.33,1.52,8,
아메리카노,네스프레소호환캡슐,760,2040,높음,4.1,22.4,0.58,1.17,10,
아메리카노,칸타타헤이즐넛,230,2000,높음,3.9,41.5,1.66,2.16,8,
아메리카노,디카페인캡슐,200,1960,높음,2.3,16.3,1.11,0.75,8,
아메리카노,20대남자생일선물,320,1940,높음,0.6,7.8,0.21,0.43,10,
아메리카노,맥널티,980,1850,높음,4.3,16.0,0.48,0.92,8,
아메리카노,디카페인콜드브루,340,1850,높음,1.0,16.0,0.33,0.95,8,
아메리카노,스페셜티커피,470,1840,높음,4.0,14.5,0.86,0.86,8,
아메리카노,고구마라떼,290,1750,높음,0.3,11.0,0.09,0.68,8,
아메리카노,남자친구100일선물,160,1750,높음,0.4,6.8,0.29,0.43,10,
아메리카노,커피가루,380,1740,높음,0.8,10.5,0.22,0.66,8,
아메리카노,사이폰커피,210,1650,높음,0.3,15.8,0.13,1.04,8,
아메리카노,곡물라떼,240,1590,높음,0.4,12.5,0.15,0.83,8,
아메리카노,콜드브루디카페인,190,1500,높음,0.1,11.5,0.07,0.82,8,
아메리카노,ESPRESSO,280,1410,높음,0.1,3.0,0.04,0.23,10,
아메리카노,스틱커피,530,1400,높음,5.4,11.8,1.04,0.87,8,
아메리카노,아메리카노스틱,450,1400,높음,3.5,22.5,0.79,1.7,8,
아메리카노,칸타타파우치,240,1400,높음,3.1,32.5,1.31,2.35,8,
아메리카노,커피스틱,710,1390,높음,2.8,6.8,0.4,0.54,8,
아메리카노,원두추천,510,1380,높음,5.3,28.3,1.03,2.15,8,
아메리카노,콜드블루,300,1350,높음,0.6,9.5,0.21,0.79,10,
아메리카노,300일선물,190,1340,높음,0.8,7.0,0.52,0.6,10,
아메리카노,일리캡슐호환,190,1320,높음,1.4,18.8,0.67,1.54,8,
아메리카노,카라멜마끼아또,300,1300,높음,0.3,3.0,0.09,0.26,8,
아메리카노,커피원두종류,240,1290,높음,1.2,19.3,0.52,1.61,10,
아메리카노,네스프레소호환캡슐커피,140,1270,높음,1.1,4.3,0.97,0.46,8,
아메리카노,1000일선물,220,1270,높음,2.3,16.8,1.2,1.56,10,
아메리카노,더치커피메이커,260,1220,높음,1.6,27.5,0.63,2.35,8,
아메리카노,이직선물,420,1210,높음,0.7,2.0,0.2,0.18,10,
아메리카노,버츄오호환캡슐,250,1210,중간,3.8,35.3,1.64,3.14,7,
아메리카노,아이스라떼,200,1170,높음,0.0,0.0,0.0,0.0,3,
아메리카노,그린티라떼,150,1160,높음,0.9,12.3,0.58,1.13,8,
아메리카노,콜드브루더치커피,110,1150,높음,0.5,6.0,0.48,0.46,8,
아메리카노,디카페인라떼,240,1070,높음,0.9,9.8,0.38,0.97,8,
아메리카노,네스프레소캡슐호환,230,1070,높음,1.4,10.8,0.58,1.08,8,
아메리카노,홈카페꾸미기,220,1060,높음,0.6,6.5,0.28,0.69,8,
아메리카노,원두보관,210,1020,높음,0.9,6.8,0.42,0.72,8,
아메리카노,청첩장선물,270,1020,높음,0.5,2.8,0.2,0.3,10,
아메리카노,캡슐커피보관함,210,1000,높음,3.1,32.5,1.62,3.48,8,
아메리카노,칸타타스위트아메리카노,190,1000,높음,0.9,6.8,0.47,0.74,8,
아메리카노,커피라떼,90,990,높음,0.5,20.3,0.53,2.19,8,
아메리카노,넥스트바이오,670,970,중간,0.0,0.0,0.0,0.0,1,
아메리카노,인도네시아커피,150,970,높음,0.5,8.0,0.36,0.87,8,
아메리카노,스타벅스선물세트,210,940,높음,0.3,10.3,0.15,1.14,10,
아메리카노,흑당라떼,130,940,높음,0.0,0.0,0.0,0.0,3,
아메리카노,커피선물,200,930,높음,1.4,10.5,0.79,1.25,10,
아메리카노,가벼운선물,220,920,높음,0.9,2.8,0.42,0.34,10,
아메리카노,칸타타콘트라베이스,160,910,높음,1.6,11.8,1.03,1.45,8,
아메리카노,베란다블렌드,90,890,중간,0.0,5.2,0.0,0.63,6,
아메리카노,콜드브루커피,200,840,높음,1.5,8.3,0.73,1.08,8,
아메리카노,베트남커피원두,110,840,높음,1.6,12.0,1.55,1.44,8,
아메리카노,가루커피,230,810,높음,0.5,9.3,0.25,1.19,8,
아메리카노,캡슐커피추천,210,800,높음,3.0,19.8,1.5,2.71,8,
아메리카노,에스프레소원액,220,790,높음,4.1,17.8,2.12,2.4,8,
아메리카노,캡슐커피머신호환,130,790,높음,2.0,19.0,1.57,2.63,8,
아메리카노,3만원대선물,230,780,높음,0.6,3.3,0.25,0.43,10,
아메리카노,폴바셋캡슐,160,760,높음,2.1,16.8,1.34,2.26,8,
아메리카노,커피음료,360,750,높음,0.5,5.8,0.16,0.87,8,
아메리카노,마니또선물,100,730,높음,0.3,2.3,0.31,0.31,10,
아메리카노,일리호환캡슐,180,730,높음,1.1,14.3,0.66,2.03,8,
아메리카노,카푸치노만들기,50,720,높음,0.0,0.7,0.0,0.11,3,
아메리카노,에스프레소캡슐,100,720,높음,3.0,10.8,3.0,1.68,8,
아메리카노,액상더치커피,10,710,높음,0.0,0.3,0.0,0.04,3,
아메리카노,아메리카노커피,160,700,높음,0.6,10.8,0.4,1.67,8,
