brand,keyword,related_words,examples,avg_rating,pos_rate,neg_rate
그리팅,식단,"건강, 관리, 가입, 배송, 주문, 이용, 어플, 선택","페이코로 할인 끌어모아서 매번 사머금  영양 알아서 세팅되어있어서 식단 관리도 간편,,,👍 챌린지 식단이 제일 맛있고 일반 냉동으로 오는 건 막입이 먹어도 충격적으로 맛없는 확률이 너무 높아서 ㅂㄹ | UX에  좀 더 신경을 썼으면.. 1. 장바구니가 고정되어 있지 않아 불편해요 2. 상단에 건강식단 토글이 눈에 띄지 않아 홈 화면이 왜 바꼈지.. 한참을 헤맸어요. 3. 앱이 전빈적으로 조금 느려 자꾸 오클릭을 하게 됩니다 | 식단을 선택해서 정기배송 받는 서비스 자체는 너무 좋고 이용할 의사 100%인데 모바일 웹도 그렇고 어플도 그렇고 안정성 호완성 너무 떨어짐 어플로 가입하는데 좀 빡쳐서 웹으로 가입하는데도 h.point 통합회원 가입도 이상하게 안되고 해서 살짝 그만 둘까하다가, 그냥 통합회원 가입을 포기함 그래도 나름 대기업인데 모바일서비스 수준이 너무 창렬임 어플 리뷰 잘 작성 안하는데, 컬리 같은거 이용하다가 이거 이용하니까 진짜 수준이 너무 떨어지는거 같음 | 식단 챙기기에 좋아요 그런데 배송추적이 안되는 오류가 있어요 ㅠ 최소한 운송장이라도 따로 표시됐으면 좋겠어요 | 건강한 식단 맛보장 식단 쿠폰도 통크게 쓰셔서 너무 좋아요♡ | 단백질식단 건강 편리 맛있어서 좋습니다. | 짠 음식이 독약이 되는 신장 환자 식단에 엄짠 짠 짜장이(음쓰 수준) 있다는 옥의 티 외에는 식단이 아주 편하고 좋습니다. | 건강식단. 반찬 매월 주문하여 바쁜 일상으로 많은 도움받고 있습니다. 감사합니다. | 식단 맞추기 어려운데 질병에 따라 도시락을 고를 수 있어서 좋아요. | 아버지가 신장(비투석)3기이며 소세포폐암이시라 식단이 무척 고민이여서 고민하다 두번째 체험팩을 신청했습니다,",4.109628217349857,32.22116301239276,7.912297426120114
그리팅,관리,"식단, 건강, 어플, 가입, 진짜, 주문, 회원, 정말","페이코로 할인 끌어모아서 매번 사머금  영양 알아서 세팅되어있어서 식단 관리도 간편,,,👍 챌린지 식단이 제일 맛있고 일반 냉동으로 오는 건 막입이 먹어도 충격적으로 맛없는 확률이 너무 높아서 ㅂㄹ | 탈옥한 적도 없는데 탈옥폰이라면서 켜지지도 않네.. 앱 관리는 전혀 안 하나 봐요. | 진짜 사용하고 싶어도 앱 자체가 실행도 잘 안되고 하루이틀도 아니고 제발 앱관리좀 하세요. 오류 너무 자주발생되고 앱 접속 시작 자체가 안되요 | 깔끔하고 집에서힘든관리 편합니다 신장식이 메뉴가많이 늘어나서 더욱좋습니다 좋은음식 항상 부탁드려요~ | 맛있고 포장 깔끔하고 좋아요 그냥 단순히 전자렌지에 돌려 먹게끔 되있는것도 많고 렌지에 돌려도 냄새안나고 맛있어요 간이 잘 되어있고 식단관리할때 이용하기도 좋습니다 | 물건은 좋으나~ 앱 속도가 이래서야 할인할 때 쓱 쓰고 버려지는 앱이 될 뿐입니다. 어떻게 기다려가며 주문했더니 집 주변 대형마트 갔다올 시간 걸리네요 ㅋㅋ 리뷰가 안 좋으나 5점인 걸 보면 뭔가 장난질을 하시나본데...뭘 개선해놓고 리뷰관리도 하셔야지 안 좋은 상태에서 고객부터 받고 나중에 앱 개선하면 이미 등 돌린 소비자는 놓치시는겁니다~ | 앱퀄리티가 떨어짐. 자동로그인이 계속풀리고 재로그인을해야함. 네이버 등 간편가입으로 회원가입했을경우 hpoint연동안됌 (그리팅 비밀번호를 물어봄), 로딩시간이 너-무느림, 건강밥상탭과 식단관리탭 연동안됌(각각 검색 따로해야함) 정말ㅊ엄청난어플 | 어플 관리업체를 바꾸던가 서버증설을 하던가 해야할듯 반응속도가 너무 느려서 중국산어플인줄 속도가 너무 느려 놀랐네요 장바구니 상품넣다가 몇번 지울뻔했네요 | 오~ 건강식을 받아볼 수 있어서 좋네요. 관리가 안되는 당뇨식 등 선물하기도 좋으네요. 추천합니다. | 어플이 너무 느리고 버벅거려요 어플관리자를 늘리셔야할듯요...",4.109628217349857,32.22116301239276,7.912297426120114
그리팅,운동,"최초, 체중, 개월, 식단, 별도, 점심시간, 걷기, 더니",체중이 줄었어요~ 1개월 식단을 먹고 별도의 운동도 안하고 점심시간마다 30분 걷기말고는 안했는데.. 90kg에서 85kg로 변하다니 ㅋㅋ 지구최초라더니~ 인생최초로 85로 회귀 ^^,4.109628217349857,32.22116301239276,7.912297426120114
그리팅,다이어트,"건강, 식단, 메뉴, 도시락, 선택, 음식, 재료, 반찬","다이어트에 도움되는 건강한 재료로 만든 도시락이 많아서 좋아요 | 건강한 메뉴,식단 선택,요일배송 건강챙기고 다이어트를 위해선 꼭 필요한 앱이네요 좋습니다! | 한끼 대용으로 좋은거 같습니다. 다이어트가 필요한 시기인데 제게 꼭 맞는 필요한 다이어트 건강식인거 같아요 | 너무 좋아요. 이런저런 다이어트 도시락 많이먹어봤는데 맛도 좋아, 날짜도 선택해, 메뉴까지 선택할수 있는 이렇게 좋은 건 첨봐요! 괜히 현대 그린푸드가 아니네요!! 진짜 다이어트도 되고 2,3만원 넘는 배달음식 먹느니 퀄리티도 좋고 건강도 좋은 도시락 최곱니다. 다이어트하면서 너무 잘먹고있어요~! | 다이어트중인데 필요한 영양소를 골고루 섭취할수있는 식단이라 좋아요 | 다이어트식 먹어 봤는데 조금 비싸긴 하지만 맛있네요. 유아식, 다이어트식, 당뇨식, 연화식, 건강 반찬류등 구분이 잘되어 있고, 화학 조미료를 쓰지 않고 건강한 식재료만 사용했다니 믿음이 가요^^ | 추천으로 깔아서 한번 사먹어 봤는데 엄청 간편하고 맛있는 음식들도 많고 다이어트나 건강챙길때도 엄청 좋을 거 같아요~~! | 알아보기 쉽게 잘 정리되있고 메뉴구성도 다 만족스럽네요. 다이어트식 알아보던 중 발견했는데 메뉴도 좋고 맛도 좋네요~ 앞으로도 자주 애용할거같애요 | 아주 맛있는 건강식 좋습니다^^ 화학조미료를 쓰지않고 만들어낸 다이어트, 당관리, 활력을 위한 식단, 거기에 맛깔나는 반찬류까지 먹어본후 아주 만족스러움을 느낍니다. 지인들에게 많이많이 추천해야 겠어요~^^ | 바쁜 일상 속에서 건강이 염려되어 점진적 건강 식단을 고려하고 있었는데 내가 좋아하는 음식을 다이어트식으로 만들어준 건강 식단을 만나 기쁩니다^^",4.109628217349857,32.22116301239276,7.912297426120114
그리팅,로그인,"가입, 자동, 어플, 매번, 계속, 회원, 다시, 네이버","네이버 로그인 자동로그인 들어갈때마다 로그아웃 되어있네요  진짜 귀찮고 물건사기 싫어져요 | 예전에 한참 할인 많이해서 사먹었는데 진짜 행사할때마다 어플 개느려서 계속 튕기고 로그인 계속 풀리고 이래서 그리팅 쓰다가 접었는데 여전히 그러네? 여긴 앱후기 안보나... 돈좀 써서 제대로된 개발자 뽑으세요 제발 | sns로 가입했는데 로그인이 안돼요. 답답 | 전부터 어플에서 카카오로그인버튼이 가끔씩 안눌림 눌러도 무반응 그리고 어제 주문하는데  로그인하고 장바구니에 이것저것 넣고 결제하기누르면 로그아웃됨ㅋㅋㅋㅋㅋ 시간이 너무 길었나 해서 다시했는데 또 로그아웃.. 화딱지나서 안시키려다 세번째만에 주문됨.. 다른후기봐도 앱 개선이 필요해보여요 | 진짜 어지간히 융통성도 없고.  장사 하려면 잘 좀 만들어주세요  재입고알림도 폰 앱에서만 되면서 카카오로 가입한 나는 폰으로 로그인을 못해서 짜증나네 | 자동 로그인 설정을 해놔도 매번 풀리네요 ㅠㅠ 이거 보완되면 너무너무 감사하겠습니다. | 안녕하세요 서비스 잘 사용하고 있는데요. 자동로그인을 하고 탐색하다가, 어플 나갔다가 들어오면 자꾸로그인이 풀려있네요.  주문배송현황 확인할 때 불편한데, 개선부탁드립니다. 제 계정으로 재현해봐주시면 좋을 것 같아요. | 진짜 참다참다 ... 너무한 거 아닌가요  대기업에서 만든 앱이 진짜 너무 할 정도네요 자동로그인 매번 풀리는 건 이미 많은 분들이 적어주셨고, 비번 맞는데 계속 틀리다고 나와서 앱 껐다가 키면 또 로그인 되어 있고.. 진짜 응대도 친절하고 가격도 좋은데 2020년대에 이런 앱은 처음 봤습니다.. | 밥도 맛있구 로그인도 안되구 취소도 못하구 빨리 카톡 로그인 고치셔야 할 듯 가장 간단한 로그인에서 막히면 앱이 무슨 소용입니까 | 어플 수정 좀 해주세요 지웠다 깔아도 sns로그인 누르면 계속 회원가입으로 넘어가고 로그인이 안되서 시키지도 못해요. 하 카카오 로그인 됬다 카톡은 오는데 로그인완료 화면이 아니라 계속 회원가입화면 뜨고 재가입하려면 이미 있는 메일이라하고 정기구독했는데 확인이 안되요ㅡㅡ",4.109628217349857,32.22116301239276,7.912297426120114
그리팅,연동,"로그인, 아이디, 네이버, 가입, 자동, 진짜, 계속, 회원","sns 연동 엄청 불편함 네이버랑 자동연동 되지도 않고 로그인저장도 하지않음(왜 저장 체크박스가 있는지 모르겠음) | 진짜 느리고... 네이버연동 로그인 하려고 해도 계속 회원가입창이 뜨고..현대포인트 로그인 하는데..왜 인증도 안되고 연동 로그인도 안되고. 시간 겁나 잡아먹네요. 물건 구입하는데도 시간 너무 걸림. 그리팅 만족스러워서 재구매하고 싶어도 로그인이 되야하죠. 그리팅 판매실적은 앱 담당자가 다 망치고 있음. 제발 리뷰 좀 보십시요. 대기업이 왜 이러는건지 도통 이해가 안됨. 인내심의 한계를 느낌 | T할인등 연계할인 없으면 절대 쓰지 않을 앱이다. 네이버아이디로 회원가입 했는데, 2단계 인증 안하기를 클릭하고, 로그인유지를 해도 매번 다시 로그인과 2단계 인증을 해야한다. 거기다가 잠시 멀티태스킹하고 오면 또 로그아웃 돼 있음. 이게 미칠노릇. 그럼 처음부터 다시시작.H포인트 쓰려고 연동하기 하면, 네이버로그인은 아예 접근이 안됨. 앱 개발자가 코딩하고 지꺼로 테스트 해봤는지 진짜 궁금하다. 폰별로, 안드로이드 버전별로 테스트좀 해보길. 진짜 어지간하면 앱 평가 안하는데, 할때마다 이 난리라 이걸 한두해째 쓰는데 진짜 참다참다 결국 얘기한다. 앱 개발자를 교체하던지, QC를 강화하던지. 진짜 대기업이 이따위야..중소기업 앱도 금방 문제점 찾고 반영하는데! 개발자 정신차리시오! | T연동가입해서 아이디 확인불가 아이디 확인하려 여러번 시도하다 그냥 삭제합니다 가입 아이디를 일부를 개인정보로 비공개해놨네요 ㅋ 내정보를 본인확인불가함 | 제발 sns 연동 로그인좀 개선해주세요 ㅠ 자동로그인도 안되고 캐시도 그때그때 지우는건지 인증 확인 다음에 안하기 체크해도 로그인까지 매번 계속 새로 해야돼요. 그 점이 너무 불편합니다... | 앱 리뷰 써 본 적 손가락에 꼽는데 어마어마하게 앱 별로입니다 H.point 계정과 연동하는데 죽어도 안 되고 탈퇴했다 다시 하고 인식도 못하고 도대체 왜 이러는 거예요? | 진짜 열받아. 아이디.,비번찾기 엉망,계속 오류 H포인트랑 아이디 연동도 안되고. 여러가지로 사용이 불편함!! | 제발 유저 경험 반영 좀 해주세요 1. 누가 소셜로그인을 하나씩 치게해놔요;; 연동 인증만하면 간편하게 되어야 간편 로그인이지 그냥 이건 불편한 로그인입니다. 2. 주문을 하다가 뒤로 갔는데 로그인 , 심지어 1의 문제가 있는 안간편한 로그인을 해야해서 불편하네요. 반영을 꼭좀 해주세요 | 앱퀄리티가 떨어짐. 자동로그인이 계속풀리고 재로그인을해야함. 네이버 등 간편가입으로 회원가입했을경우 hpoint연동안됌 (그리팅 비밀번호를 물어봄), 로딩시간이 너-무느림, 건강밥상탭과 식단관리탭 연동안됌(각각 검색 따로해야함) 정말ㅊ엄청난어플 | 별 하나도 아깝습니다. 페이코에서 프로모션하길래 구매해보려했으나 회원가입 계속 안됨..결국 네이버 아이디 연동.. 결제금액 바로 반영 안됨.. 현관비번 입력했으나 계속 입력하라고 함.. 빽도 안됨.. 다시 몇번 누르니 아예 밖으로 튕겨 나옴.. 이짓을 세번 반복하고.. 구매포기하고 앱을 지웁니다.. 앱을 개발하셨으면 관련자분들이 좀 새 구매자라고 생각하시고 여러번 테스트를 좀 해보세요.",4.109628217349857,32.22116301239276,7.912297426120114
그리팅,입력,"비번, 현관, 계속, 로그인, 아이디, 공동, 비밀번호, 주문","건강한 밀키트가 많고 음식 퀄리티가 높습니다. 어플 사용하기 좋고, 통신사 할인이랑 페이코 할인까지 들어가면 엄청 저렴하게 구매할 수 있어서 자주 이용합니다. 로그인할 때 카카오톡 1초/자동로그인이 안 되서 아쉽습니다. (간편 로그인 정보저장 체크해도 매번 아이디 비번 입력해야하네요~ 이 부분은 개선되면 좋겠습니다.) | 카카오 간편로그인 저장이 안되서 매번 입력해야해서 불편합니다. | 느리고 카카오로그인시 매번 아이디비번입력하고 인증해야하고.. 너무 귀찮아서 세일할때말고는 안오게되요 개선좀 해주세요 | 공동현관 출입관련 ""비밀번호 입력""을 선택후 공동현관출입방법 기재시 출입방법을 기술해도 저장하기 누르면 ""공동현관 비밀번호""를 입력하라는 에러메세지가 계속 뜸. | 별 하나도 아깝습니다. 페이코에서 프로모션하길래 구매해보려했으나 회원가입 계속 안됨..결국 네이버 아이디 연동.. 결제금액 바로 반영 안됨.. 현관비번 입력했으나 계속 입력하라고 함.. 빽도 안됨.. 다시 몇번 누르니 아예 밖으로 튕겨 나옴.. 이짓을 세번 반복하고.. 구매포기하고 앱을 지웁니다.. 앱을 개발하셨으면 관련자분들이 좀 새 구매자라고 생각하시고 여러번 테스트를 좀 해보세요. | 제대로 작동 안하는 기능들이 좀 있음 공동현관 비번 입력사항이 나타나지 않음 | 앱 ui고 뭐고간에 기본적으로 검색어 입력하면 계속 튕기고 장바구니합계 다르게 나오고 진짜 진지하게 롯ㄷ앱 이후로 속터지는 앱발견 업체 바꾸시던지 개선 좀 해주세요 | 새벽배송 주문시 비번 입력하는데 계속오류나서 상담하니 비밀번호가 아니고 기타에서 입력하라네요~현관비밀번호지 그게 현관 기타입니까?누가 알겠어요 주소 7번 치다 화나서 35할인땜에 하긴했는데 큰세일없음 주문안하게 생겨먹은 앱이네요 | 제가 웬만하면 이런글 안다는데 앱 사용감이 최악이에요. 킬때마다 로그인해야하고 주문 정보 입력하다가 다른 앱 보면 기존정보가 다 날아가버려요. 앱때문에 주문하기 싫어져요 | 배송관련 비번입력란이 잘못만들어졌어요 검토바람",4.109628217349857,32.22116301239276,7.912297426120114
그리팅,좋겠어요,"자주, 할인, 음식, 메뉴, 변경, 식단, 배송, 추적",식단 챙기기에 좋아요 그런데 배송추적이 안되는 오류가 있어요 ㅠ 최소한 운송장이라도 따로 표시됐으면 좋겠어요 | 맛도 퀄도 최고입니다. 불편했던 SNS 로그인도 이번 업데이트로 해결됐구요!! 하지만 메뉴 변경은 고객센터로 직접 전화해야 하니 많이 까다롭고 눈치가 보이더라구요. 메뉴 변경도 편하게 앱으로 신청할 수 있었으면 좋겠어요! | 맛도좋고 할인도자주하면좋겠어요 | 장바구니에서 수량 다시 선택할 때 새로고침 안 됐으면 좋겠어요. | 좋아요 더더 맛있는 음식 올라왔으면 좋겠어요 | 엡데이트 이후 리뷰에 사진만 올릴려고 하면 앱이 자꾸 꺼지네요. 다른 이용자분들은 괜찮으신지..얼른 수정되었으면 좋겠어요 | 식품 종류가 더 많으면 좋겠어요. 가격대는 높은 편인데 할인 자주 하고 할인 정보 홍보해줬으면 좋겠어요. 평소 제빵류가 맛있어서 자주 구매했네요 | 정말 좋습니다. 음식이 더 다양했으면 좋겠어요. | 맛은 물론이고 몸에 좋은 재료로 음식을 만들었다는 느낌이 듭니다 ㅋㅋ 정기주문해서 먹고있는데 앞으로 이벤트를 자주해주시면 좋겠어요 !ㅋㅋㅋ | 어플 화면 구성은 깔끔하고 보기좋습니다 좀더 다양한 품목이 많이 생겼으면 좋겠어요 앞으로 더욱 좋아지길 기대해봅니다~^^,4.109628217349857,32.22116301239276,7.912297426120114
그리팅,칼로리,"선택, 식단, 가구, 먹기, 음식, 무엇, 영양성분, 체중","1인가구인데 딱 먹기 좋은 음식들이 많아요~ 무엇보다 칼로리랑 영양성분이 꼼꼼하게 나와있다보니 체중관리하는 입장에서 너무 좋아요♡ | 선택의 폭이 넓지는 않지만 선택의 불편함은 없었어요. 그리고 무럿보다 건강식단이 참 마음에 듭니다 칼로리 계산, 여러가지 생각 팔요없어요 식단 보시고 선택,결제하면 됩니다. 엄청 쉽고 빠르네요 ㅎㅎㅎ | 샐러드 맛있게 먹었어요 칼로리도 적당하고 맛있네요.",4.109628217349857,32.22116301239276,7.912297426120114
다이트,식단,"관리, 기록, 다이어트, 음식, 분석, 메뉴, 등록, 정보","다요트는 여자라면 매일 하게되는 것이지요! 거기다 매일 식단도 챙겨야하는데 식단기록하기에도 좋고~ 영양코칭까지 받을수 있으니 관리받는 느낌이에요! 이번 다요트는 성공해야겠어요!ㅋㅋ | 맞춤 관리부터 식단 분석, 1:1 밀착코칭까지 다 챙겨주는 앱인거 같아요 매일 체중, 영양, 혈당을 기록하고 분석해줘서 체계적으로 관리할 수 있고, AI가 식단을 자동 분석해주니 편리해요. 개인 맞춤형 코칭도 받아볼 수 있어 동기부여도 확실하더라구요 이런앱을 이제라도 알게되서 너무 좋아요‼️ | UX.UI가 직관적인편이 아니라 원하는 메뉴를 바로 찾기 어렵고. 특히 식단기록하는 부분에 집중적인 개선이 필요할 것 같습니다.  음식명 삭제할 때 “-”표시 영역이 너무 작아요. 한두번눌리면 되어야하는데. 7-8번씩 신중하게 눌러야 겨우 삭제가 돼요. 지우다 지쳐버림.  또 음식명이 긴 것을 잘못등록하고 삭제하려면 “-”버튼하고, 메뉴열고접는 “^”버튼이 충돌합니다 메뉴만 미친듯이 열고접게돼고. 메뉴 삭제는 못합니다.  기능 버튼이 겹치는 위치에 있다니.. 엉망이예요.  위다이트 프로그램을 진행하면 식단키트가 제공되는데 그 식단에 포함된 자체제품정보도 전혀 등록되어있지않아서 불편합니다.  코치랑 대화시 이미지 상세보기를 하면 확대 축소 이동이 굉장히 버벅댑니다. 사용성이 좋지않아요.  개선사항을 바로 전달하고싶으나  고객센터나 문의하기 영역 찾기도 어렵습니다. | 기록하면서 확인하는게 중요한데 기본적으로 기록 및 분석이 되고 유용한 콘텐츠도 많아서 도움이 되고 있습니다. 다만, 식단기록할때 검색해서 나오지않으면 아예 식단기록 자체가 불가능하게 되어있다보니 검색되지않는 메뉴를 기록할수가 없습니다. 수기등록할 수 있는 방법도 있었으면 좋겠습니다. 그리고, 다이트 도시락도 검색되지않아 등록하지 못하기도 합니다. 식단기록이 잘 될 수 있도록 개선되면 좋겠습니다. | 다이어트나 건강에 대한 정보도 많고 식단조절, 운동관련하여 맞춤으로 알려주는 어플이랑 잘 사용하고 있습니다 | 요즘부쩍 살도찌고 체력도 예전같지 않아서 다운받게 됐어요. 식단관리도 같이할 수 있어서 너무좋고 간단한 운동도 다양하게 접할 수 있어서 만족합니다~~~ | 날씨가 추워져서 홈트하는중인데 식단관리 하기도 편리하고 다양한 다이어트 정보로 유용하게 사용하고있어요!다이어트 이번엔 성공할수있을듯요 | 식단기록하는 게 있어서 일단 매일 입력해보려구요! 쇼핑 메뉴도 있어서 저렴하게 나오는거 있으면 구매할 수 있어서 편해요 | Ai카메라로 식단을 기록하고 영양 분석까지 해줘서 편리해요~ 미션을 통해 다이어트 의지가 높아지는 것 같아요. | 저만을 위한 다이어트 관리가 필요했는데 너무 좋은 어플이었습니다 혼자 식단 관리하기 힘들었는데 어플통해서 너무 잘하고있어요 음식 사진찍으면 분석도 해주는데 너무 신기하고 유용했어요",3.972972972972973,31.08108108108108,8.108108108108109
다이트,관리,"식단, 다이어트, 코칭, 분석, 사용, 매일, 로그인, 운동","다요트는 여자라면 매일 하게되는 것이지요! 거기다 매일 식단도 챙겨야하는데 식단기록하기에도 좋고~ 영양코칭까지 받을수 있으니 관리받는 느낌이에요! 이번 다요트는 성공해야겠어요!ㅋㅋ | 맞춤 관리부터 식단 분석, 1:1 밀착코칭까지 다 챙겨주는 앱인거 같아요 매일 체중, 영양, 혈당을 기록하고 분석해줘서 체계적으로 관리할 수 있고, AI가 식단을 자동 분석해주니 편리해요. 개인 맞춤형 코칭도 받아볼 수 있어 동기부여도 확실하더라구요 이런앱을 이제라도 알게되서 너무 좋아요‼️ | 업데이트후 로그인이 안되네요. 카톡, 네이버, 구글, 핸펀번호 네가지 모두 시도했지만 로그인 실패 관리자에게 문의 하세요 라고 팝업 메시지가 뜹니다. 확인 바래요. | 갑자기 로그인이 안되고 관리자문의 하라고만 나오네요 | 다이어트를 하시는 분들이리면 정말로 유용하게 사용할거 같아요. 정말로 강력 추천합니다. 제가 사용해보니 꼼꼼하게 관리가 될거 같습니다 | 요즘부쩍 살도찌고 체력도 예전같지 않아서 다운받게 됐어요. 식단관리도 같이할 수 있어서 너무좋고 간단한 운동도 다양하게 접할 수 있어서 만족합니다~~~ | 날씨가 추워져서 홈트하는중인데 식단관리 하기도 편리하고 다양한 다이어트 정보로 유용하게 사용하고있어요!다이어트 이번엔 성공할수있을듯요 | 저만을 위한 다이어트 관리가 필요했는데 너무 좋은 어플이었습니다 혼자 식단 관리하기 힘들었는데 어플통해서 너무 잘하고있어요 음식 사진찍으면 분석도 해주는데 너무 신기하고 유용했어요 | 식단관리부터 1:1코칭도 가능하고 , 다이어트에 관해서 여러가지가 있어 편리하게 이용할 수 있어 유용합니다 | 관리되니 좋네요",3.972972972972973,31.08108108108108,8.108108108108109
다이트,운동,"기록, 음식, 다이어트, 식단, 종류, 칼로리, 시작, 시간","신기하게 먹은 음식 사진만 찍으면 알아서 칼로리 계산에 분석까지 다해주고 수면패턴 운동기록까지 한번에 다 되니 너무 좋아요 | 다이어트 성공하기위해서 시작했습니다 ㅋㅋ 목표치 설정해두고 먹은 음식들 운동들 기록할수 있어 좋네요 저만 부지런해지면 될것같아요 ㅋㅋ 다이어트 성공해보겠습니다! | 운동량 시간 맞춰기록시  운동칼로리 자동 0으로 만 입력이됩니다. | 다이어트나 건강에 대한 정보도 많고 식단조절, 운동관련하여 맞춤으로 알려주는 어플이랑 잘 사용하고 있습니다 | 요즘부쩍 살도찌고 체력도 예전같지 않아서 다운받게 됐어요. 식단관리도 같이할 수 있어서 너무좋고 간단한 운동도 다양하게 접할 수 있어서 만족합니다~~~ | 몸무게랑 수면시간 기록할때 수기로 작성할수 있게하면 편할거 같아요 조금씩 올려서 맞추는거 너무 불편하고 시간도 오래걸려요 운동 종류도 다양하게 쓸수 있게 해주면 좋을것 같아요 종류 너무 적어요 | 업데이트 이후로 채팅이 안열립니다. 그리고 운동 선택사항이 너무 제한적입니다. 음식 옵션도 많이 없어서 정확한 기록을 하기가 어렵습니다. ㅠㅠ | 저는 무릎이 안 좋아서 운동은 못하구 식단조절로 체중관리하는중 우연하게 알게 되어 시작하게 되었는데요 머리만 밖으로 내놓고하는 핫찜질과 편히 누워서 패치 붙이고 원하는 부위 운동 시켜주는 코스를 하고 있는데 복부가 슬림해지고 빠진듯!배가 접힐때 편하고 계속 쭉하고 싶네용^^~ | 운동종류에 스트레칭도 있었으면해요. 또 워치에도 연결도 되으면해요. 조금씩 빠지는게 보여요.",3.972972972972973,31.08108108108108,8.108108108108109
다이트,다이어트,"식단, 관리, 정보, 어플, 음식, 사진, 사용, 기록","다이어트 성공하기위해서 시작했습니다 ㅋㅋ 목표치 설정해두고 먹은 음식들 운동들 기록할수 있어 좋네요 저만 부지런해지면 될것같아요 ㅋㅋ 다이어트 성공해보겠습니다! | 해독 기간시 병원에서 주는 선식 정보는 사진이나  셀프로 찾아도 아에 정보가 없구요 최소 병원에서 추천하고  안내 하는 설명서 책자에 나온 음식들 정보는  있어야 하는데 사진찍어도 안나오는것 예로 조리 할때 기버터(오가닉밸리) 등  따로 섭취 되는것도 검색해도 안나와요 병원을 믿고 하는 만큼 음식 정보가 부족합니다 처음 당질조절식 하는 사람은 어렵거든요 상담시 추후 원장님이 한번씩 제가 기재 한것들 보신다고 했는데 오류나 정보 없음으로 다이어트 의지를 꺽고 싶지는 않네요 다른 어플을 쓰는 수고를 하고 싶지 않아 앞으로 메인으로 사용 될 다이트 어플이 개선 되길 바랍니다 | 50대중반 반신반의 믿기어려운 다이어트 먹으면서 뺀다는 정말 믿기지않았어요 첨에는 먹고싶은거 쬐금 참기가 어려웠는데 하다보니 자연적으로 절제가 되더라구요 지금은 내 목표가 얼마남지 않았어요 옷 사이즈가 바뀌다보니 나도 즐겁고 남편이 더 좋아해요 친구들이나 주위아는사람들을 만나면 저보구 놀래는 친구들이 많아요 얼굴도 어려보인다는 얘기도 많이 들어요 마지막이라고 생각하고 다이트를 찾아갔는데 상담부터 칭찬까지 정말 좋은곳인거 같아요 지금도 다이어트 중인데 마지막 까지 홧팅할려구요 망설이면 늦는다는말 있죠..그러지말고 한번도전 어때요? | 다이어트 할 때 기록하는 게 젤 중요한데 그런 거 젤 못 하는 사람 저요 그런데 이 앱은 엄청 편하게 설정할 수 있게 되어있고 딱딱 선택만 하면 되니까 잘 쓰고 있어요! | 다이어트나 건강에 대한 정보도 많고 식단조절, 운동관련하여 맞춤으로 알려주는 어플이랑 잘 사용하고 있습니다 | 다이어트를 하시는 분들이리면 정말로 유용하게 사용할거 같아요. 정말로 강력 추천합니다. 제가 사용해보니 꼼꼼하게 관리가 될거 같습니다 | 다이어트에 매번 실패하고 기록하는게 힘들었는데 이 어플을 알고난 후 부터 조금 더 편하게 다이어트를 할 수 있게 된 것 같아요 !! | 날씨가 추워져서 홈트하는중인데 식단관리 하기도 편리하고 다양한 다이어트 정보로 유용하게 사용하고있어요!다이어트 이번엔 성공할수있을듯요 | Ai카메라로 식단을 기록하고 영양 분석까지 해줘서 편리해요~ 미션을 통해 다이어트 의지가 높아지는 것 같아요. | 저만을 위한 다이어트 관리가 필요했는데 너무 좋은 어플이었습니다 혼자 식단 관리하기 힘들었는데 어플통해서 너무 잘하고있어요 음식 사진찍으면 분석도 해주는데 너무 신기하고 유용했어요",3.972972972972973,31.08108108108108,8.108108108108109
다이트,로그인,"관리자, 문의, 업데이트, 카톡, 네이버, 구글, 핸펀, 번호","업데이트후 로그인이 안되네요. 카톡, 네이버, 구글, 핸펀번호 네가지 모두 시도했지만 로그인 실패 관리자에게 문의 하세요 라고 팝업 메시지가 뜹니다. 확인 바래요. | 갑자기 로그인이 안되고 관리자문의 하라고만 나오네요 | 앱을 켤 때마다 계속 새로 로그인을 하게 하고, 로딩 등이 너무 느립니다. 기록도 제대로 볼 수가 없어요ㅠ",3.972972972972973,31.08108108108108,8.108108108108109
다이트,기록,"식단, 분석, 다이어트, 메뉴, 음식, 운동, 매일, 연동","신기하게 먹은 음식 사진만 찍으면 알아서 칼로리 계산에 분석까지 다해주고 수면패턴 운동기록까지 한번에 다 되니 너무 좋아요 | 다이어트 성공하기위해서 시작했습니다 ㅋㅋ 목표치 설정해두고 먹은 음식들 운동들 기록할수 있어 좋네요 저만 부지런해지면 될것같아요 ㅋㅋ 다이어트 성공해보겠습니다! | 다요트는 여자라면 매일 하게되는 것이지요! 거기다 매일 식단도 챙겨야하는데 식단기록하기에도 좋고~ 영양코칭까지 받을수 있으니 관리받는 느낌이에요! 이번 다요트는 성공해야겠어요!ㅋㅋ | 맞춤 관리부터 식단 분석, 1:1 밀착코칭까지 다 챙겨주는 앱인거 같아요 매일 체중, 영양, 혈당을 기록하고 분석해줘서 체계적으로 관리할 수 있고, AI가 식단을 자동 분석해주니 편리해요. 개인 맞춤형 코칭도 받아볼 수 있어 동기부여도 확실하더라구요 이런앱을 이제라도 알게되서 너무 좋아요‼️ | 운동량 시간 맞춰기록시  운동칼로리 자동 0으로 만 입력이됩니다. | 걸음수 연동을 계속 터치해도 연동이 안되고 다음날로 넘어가면 전날 연동되지 않은 기록 그대로만 남아 있습니다.  건강앱을 통해 활성화 하라는 알람만 뜨는데 이미 활성화 되어 있는데도 알람이 떴습니다. 직접 수정이 가능하게 되거나 연동이 바로 되었으면 좋겠습니다. | UX.UI가 직관적인편이 아니라 원하는 메뉴를 바로 찾기 어렵고. 특히 식단기록하는 부분에 집중적인 개선이 필요할 것 같습니다.  음식명 삭제할 때 “-”표시 영역이 너무 작아요. 한두번눌리면 되어야하는데. 7-8번씩 신중하게 눌러야 겨우 삭제가 돼요. 지우다 지쳐버림.  또 음식명이 긴 것을 잘못등록하고 삭제하려면 “-”버튼하고, 메뉴열고접는 “^”버튼이 충돌합니다 메뉴만 미친듯이 열고접게돼고. 메뉴 삭제는 못합니다.  기능 버튼이 겹치는 위치에 있다니.. 엉망이예요.  위다이트 프로그램을 진행하면 식단키트가 제공되는데 그 식단에 포함된 자체제품정보도 전혀 등록되어있지않아서 불편합니다.  코치랑 대화시 이미지 상세보기를 하면 확대 축소 이동이 굉장히 버벅댑니다. 사용성이 좋지않아요.  개선사항을 바로 전달하고싶으나  고객센터나 문의하기 영역 찾기도 어렵습니다. | 타사 앱처럼 약 복용시간 기록할수 있게 해주세요ㅡㅡ | 기록하면서 확인하는게 중요한데 기본적으로 기록 및 분석이 되고 유용한 콘텐츠도 많아서 도움이 되고 있습니다. 다만, 식단기록할때 검색해서 나오지않으면 아예 식단기록 자체가 불가능하게 되어있다보니 검색되지않는 메뉴를 기록할수가 없습니다. 수기등록할 수 있는 방법도 있었으면 좋겠습니다. 그리고, 다이트 도시락도 검색되지않아 등록하지 못하기도 합니다. 식단기록이 잘 될 수 있도록 개선되면 좋겠습니다. | 다이어트 할 때 기록하는 게 젤 중요한데 그런 거 젤 못 하는 사람 저요 그런데 이 앱은 엄청 편하게 설정할 수 있게 되어있고 딱딱 선택만 하면 되니까 잘 쓰고 있어요!",3.972972972972973,31.08108108108108,8.108108108108109
다이트,연동,"활성화, 알람, 걸음, 계속, 터치, 다음, 날로, 전날",걸음수 연동을 계속 터치해도 연동이 안되고 다음날로 넘어가면 전날 연동되지 않은 기록 그대로만 남아 있습니다.  건강앱을 통해 활성화 하라는 알람만 뜨는데 이미 활성화 되어 있는데도 알람이 떴습니다. 직접 수정이 가능하게 되거나 연동이 바로 되었으면 좋겠습니다. | 다이트 스마트체중계와 연동이 안됩니다;;;,3.972972972972973,31.08108108108108,8.108108108108109
다이트,입력,"기록, 운동량, 시간, 운동, 칼로리, 자동, 식단, 일단",운동량 시간 맞춰기록시  운동칼로리 자동 0으로 만 입력이됩니다. | 식단기록하는 게 있어서 일단 매일 입력해보려구요! 쇼핑 메뉴도 있어서 저렴하게 나오는거 있으면 구매할 수 있어서 편해요 | 입력하게 편리하게 쓸수있었으면 좋겠네요,3.972972972972973,31.08108108108108,8.108108108108109
다이트,좋겠어요,"음식, 식단, 정보, 당질, 간식, 분류, 목록, 직접",당질을 알수 있는 건 좋아요. 식단 적는데 간식이 분류로 없어서 불편해요. 음식 목록에 없는 것은 직접 영양성분 적을 수 있게 바뀌면 좋겠어요 | 식단 등록할 때 먹은 음식이 없는 경우가 있는데 내가 먹은 음식의 영양정보를 스스로 올릴 수 있게 해줬으면 좋겠어요.. 매번 내가 먹은 음식과 비슷한 영양정보의 식품 찾느라 힘듦...,3.972972972972973,31.08108108108108,8.108108108108109
다이트,칼로리,"음식, 사진, 운동, 기록, 계산, 분석, 다해, 수면",신기하게 먹은 음식 사진만 찍으면 알아서 칼로리 계산에 분석까지 다해주고 수면패턴 운동기록까지 한번에 다 되니 너무 좋아요 | 운동량 시간 맞춰기록시  운동칼로리 자동 0으로 만 입력이됩니다. | 다이트 앱을 이용하면서 음식 사진을 찍기만 하면 내가 먹는 음식의 당질량과 칼로리를 빠르게 알 수 있어서 다이어트에 도움이 많이 됩니다! 그리고 목표설정을 구체적으로 할 수 있도록 프로그램 되어있어서 이부분도 정말 만족스러워요 !,3.972972972972973,31.08108108108108,8.108108108108109
루션,식단,"기록, 컬리, 루션, 포인트, 다이어트, 기능, 칼로리, 추천","광고도 없고 식단 기록등을 너무 편하게 할 수 있어서 좋은 것 같아요, 다이어트 하면 늘 골칫거리가 식단 인데 매주 새로운 식단을 추천해주니까 진짜 편합니다 UI 도 깔끔하고 직관적인게 장점 그리고 가능하면 식단을 공유할 수 있는 기능도 있으면 좋을 것 같습니다 | 제가 원했던 어플이 바로 이런거였는데!!! 식단 기록에다가 맞춤 추천 식단까지,,, 귀차니즘 미쳐버리 저같은 다이어터에게 너무나 편한 앱 인것 같아요🥹앞으로도 잘 쓰겠습니다!! | 리뷰 잘 안쓰는데 이 어플은 진짜 좋아서 씁니다.  식단을 편하게 작성할 수 있어서 꾸준히 작성할 수 있는 게 정말 큰 장점인 것 같아요 예전엔 작심삼일이었는데 루션 쓰고 한달만에 3kg 빠졌어요ㅎㅎ 걸음 포인트도 쌓이고, 내가 뭘 자주 먹는지 돌아보게 돼요. 단순히 다이어트 앱이 아니라, 습관을 만들어주는 앱 같아요. 매일 기록하고 걷는 게 즐거워졌어요!! | 처음엔 그냥 식단 기록 앱인 줄 알았는데 써보니 완전 달라요. 식단을 매일 편하게 기록할 수 있다 보니 쓰다보니 3kg 감량했네요 루션 덕분에 하루를 건강하게 마무리하는 습관이 생겼어요. 보상도 있어서 꾸준히 하게 되고, 결과도 눈에 보여요. 다이어트 앱이라기보다 나를 관리해주는 매니저 같아요. 요즘 제 하루는 루션으로 시작해서 루션으로 끝나요! 감사해요 ~ | 매번 다이어트 앱 깔았다가 금방 지웠는데, 루션은 다르네요. 식단 기록이 귀찮지 않고, 미션이 있어서 꾸준히 하게 돼요. | 다이어트 식단 기록용으로 사용하고 있는데 쓰기 편하고 좋네요. 사진 찍으면 꽤 정확하게 인식되는 게 신기해요. 구웃 | 없는 음식들이 몇가지 꽤 많지만 나름 칼로리 얼마나 섭취하고 있는지는 대충 알수 있고, 컬리도 자주 이용하는데 추천식단에서 바로 컬리로 이동해서 구매할수 있는게 편한거 같음. 근데 걸음수는 삼성헬스 앱이랑 연동이 안되는거 같은데 어떤걸로 연동해서 걸음수를 채워야 하나요? 답변 감사합니다. | 아직 나온지 얼마 되지 않아 식품정보가 떨어진다는건 알지만... 그래도 더 많이 넣어주셨으면 합니다ㅠㅠㅠ 그리고 다들 식단관리 목적, 다이어트 목적으로 많이 이용하실텐데 목표 칼로리를 조정할 수 있는 기능은 없더군요... 제시해주는 칼로리보다 낮게 책정하고 싶은데... 따로 조정 기능이 생기면 좋을 것 같습니다! 그리고 요즘 당함량에 다들 민감한만큼 당함량도 체크할 수 있는 기능이 있다면 좋을 것 같아요! 이런것들 외엔 깔끔하고 직관적이라 좋은 앱인 것 같네요ㅎ | 루션 포인트(3,000점) 지급은 왜 안주나요? 어제 가입하고, 식단 등록 다 했는데도 안주시네요.ㅠ | 쉽고 간편하네요! 그리고 식단기록하고 받은 포인트로 컬리에서 교환할 수 있어서 좋아요!",3.875,31.25,15.625
루션,관리,"식단, 루션, 기능, 기록, 하루, 다이어트, 요즘, 목적","처음엔 그냥 식단 기록 앱인 줄 알았는데 써보니 완전 달라요. 식단을 매일 편하게 기록할 수 있다 보니 쓰다보니 3kg 감량했네요 루션 덕분에 하루를 건강하게 마무리하는 습관이 생겼어요. 보상도 있어서 꾸준히 하게 되고, 결과도 눈에 보여요. 다이어트 앱이라기보다 나를 관리해주는 매니저 같아요. 요즘 제 하루는 루션으로 시작해서 루션으로 끝나요! 감사해요 ~ | 아직 나온지 얼마 되지 않아 식품정보가 떨어진다는건 알지만... 그래도 더 많이 넣어주셨으면 합니다ㅠㅠㅠ 그리고 다들 식단관리 목적, 다이어트 목적으로 많이 이용하실텐데 목표 칼로리를 조정할 수 있는 기능은 없더군요... 제시해주는 칼로리보다 낮게 책정하고 싶은데... 따로 조정 기능이 생기면 좋을 것 같습니다! 그리고 요즘 당함량에 다들 민감한만큼 당함량도 체크할 수 있는 기능이 있다면 좋을 것 같아요! 이런것들 외엔 깔끔하고 직관적이라 좋은 앱인 것 같네요ㅎ",3.875,31.25,15.625
루션,운동,"칼로리, 기재",먹은 칼로리 만기재되네요 운동한 칼로리도 좀빼야하지않을까요~~^^,3.875,31.25,15.625
루션,다이어트,"식단, 기록, 루션, 기능, 매일, 칼로리, 진짜, 직관","광고도 없고 식단 기록등을 너무 편하게 할 수 있어서 좋은 것 같아요, 다이어트 하면 늘 골칫거리가 식단 인데 매주 새로운 식단을 추천해주니까 진짜 편합니다 UI 도 깔끔하고 직관적인게 장점 그리고 가능하면 식단을 공유할 수 있는 기능도 있으면 좋을 것 같습니다 | 리뷰 잘 안쓰는데 이 어플은 진짜 좋아서 씁니다.  식단을 편하게 작성할 수 있어서 꾸준히 작성할 수 있는 게 정말 큰 장점인 것 같아요 예전엔 작심삼일이었는데 루션 쓰고 한달만에 3kg 빠졌어요ㅎㅎ 걸음 포인트도 쌓이고, 내가 뭘 자주 먹는지 돌아보게 돼요. 단순히 다이어트 앱이 아니라, 습관을 만들어주는 앱 같아요. 매일 기록하고 걷는 게 즐거워졌어요!! | 회사 동료가 다이어트 앱 소개해줬는데 속는셈 치고 깔아서 꾸준히 썼더니 5키로 감량했요!(우리끼리만 알고싶은 앱)  매일매일 기록하는 재미도 있고, 이 은근 정확해서 칼로리 계산도 쉽게 할수있어요~ 기존에 있던 다이어트 앱에서 +더 간편+ 쉬운 메뉴얼? 여튼 좋아요! 개발자가 누군진 몰라도 참 야무지네요ㅋㅋ | 루션 덕분에 다이어트를 성공하였습니자 | 처음엔 그냥 식단 기록 앱인 줄 알았는데 써보니 완전 달라요. 식단을 매일 편하게 기록할 수 있다 보니 쓰다보니 3kg 감량했네요 루션 덕분에 하루를 건강하게 마무리하는 습관이 생겼어요. 보상도 있어서 꾸준히 하게 되고, 결과도 눈에 보여요. 다이어트 앱이라기보다 나를 관리해주는 매니저 같아요. 요즘 제 하루는 루션으로 시작해서 루션으로 끝나요! 감사해요 ~ | 매번 다이어트 앱 깔았다가 금방 지웠는데, 루션은 다르네요. 식단 기록이 귀찮지 않고, 미션이 있어서 꾸준히 하게 돼요. | 다이어트 식단 기록용으로 사용하고 있는데 쓰기 편하고 좋네요. 사진 찍으면 꽤 정확하게 인식되는 게 신기해요. 구웃 | 아직 나온지 얼마 되지 않아 식품정보가 떨어진다는건 알지만... 그래도 더 많이 넣어주셨으면 합니다ㅠㅠㅠ 그리고 다들 식단관리 목적, 다이어트 목적으로 많이 이용하실텐데 목표 칼로리를 조정할 수 있는 기능은 없더군요... 제시해주는 칼로리보다 낮게 책정하고 싶은데... 따로 조정 기능이 생기면 좋을 것 같습니다! 그리고 요즘 당함량에 다들 민감한만큼 당함량도 체크할 수 있는 기능이 있다면 좋을 것 같아요! 이런것들 외엔 깔끔하고 직관적이라 좋은 앱인 것 같네요ㅎ",3.875,31.25,15.625
루션,로그인,"컬리, 삭제, 다시, 간편, 허용, 아이디, 해도, 자꾸",로그인도 안돼요.. | 앱을 삭제하고 다시 깔았을때는 로그인이 잘 되는데 컬리앱으로 간편로그인-허용하기 눌렀는데 로그인이 실패했습니다..라고 떠요..컬리 아이디로 로그인하려고 해도 안되고...자꾸 지웠다 깔기도 그렇고...잘 사용해볼려고 했는데..아쉽..,3.875,31.25,15.625
루션,기록,"식단, 다이어트, 루션, 매일, 추천, 진짜, 장점, 어플","광고도 없고 식단 기록등을 너무 편하게 할 수 있어서 좋은 것 같아요, 다이어트 하면 늘 골칫거리가 식단 인데 매주 새로운 식단을 추천해주니까 진짜 편합니다 UI 도 깔끔하고 직관적인게 장점 그리고 가능하면 식단을 공유할 수 있는 기능도 있으면 좋을 것 같습니다 | 제가 원했던 어플이 바로 이런거였는데!!! 식단 기록에다가 맞춤 추천 식단까지,,, 귀차니즘 미쳐버리 저같은 다이어터에게 너무나 편한 앱 인것 같아요🥹앞으로도 잘 쓰겠습니다!! | 리뷰 잘 안쓰는데 이 어플은 진짜 좋아서 씁니다.  식단을 편하게 작성할 수 있어서 꾸준히 작성할 수 있는 게 정말 큰 장점인 것 같아요 예전엔 작심삼일이었는데 루션 쓰고 한달만에 3kg 빠졌어요ㅎㅎ 걸음 포인트도 쌓이고, 내가 뭘 자주 먹는지 돌아보게 돼요. 단순히 다이어트 앱이 아니라, 습관을 만들어주는 앱 같아요. 매일 기록하고 걷는 게 즐거워졌어요!! | 회사 동료가 다이어트 앱 소개해줬는데 속는셈 치고 깔아서 꾸준히 썼더니 5키로 감량했요!(우리끼리만 알고싶은 앱)  매일매일 기록하는 재미도 있고, 이 은근 정확해서 칼로리 계산도 쉽게 할수있어요~ 기존에 있던 다이어트 앱에서 +더 간편+ 쉬운 메뉴얼? 여튼 좋아요! 개발자가 누군진 몰라도 참 야무지네요ㅋㅋ | 루션이 깔끔해서 제일 쓰기 편해요 미션 덕분에 기록도 꾸준히 하게 되네요 굿이에요! | 처음엔 그냥 식단 기록 앱인 줄 알았는데 써보니 완전 달라요. 식단을 매일 편하게 기록할 수 있다 보니 쓰다보니 3kg 감량했네요 루션 덕분에 하루를 건강하게 마무리하는 습관이 생겼어요. 보상도 있어서 꾸준히 하게 되고, 결과도 눈에 보여요. 다이어트 앱이라기보다 나를 관리해주는 매니저 같아요. 요즘 제 하루는 루션으로 시작해서 루션으로 끝나요! 감사해요 ~ | 매번 다이어트 앱 깔았다가 금방 지웠는데, 루션은 다르네요. 식단 기록이 귀찮지 않고, 미션이 있어서 꾸준히 하게 돼요. | 다이어트 식단 기록용으로 사용하고 있는데 쓰기 편하고 좋네요. 사진 찍으면 꽤 정확하게 인식되는 게 신기해요. 구웃 | 쉽고 간편하네요! 그리고 식단기록하고 받은 포인트로 컬리에서 교환할 수 있어서 좋아요!",3.875,31.25,15.625
루션,연동,"컬리, 걸음, 헬스, 체크, 자주, 걷기, 정보, 커넥터","걷기정보가 헬스커넥터와 연동이 안되네요. 앱 설정문제 확인했구요 연동도 체크했는데 걸음수는 체크가 안됩니다 컬리때문에 우선은 깔아놨는데 연동 안되면 점차.안쓸것 같아요 | 없는 음식들이 몇가지 꽤 많지만 나름 칼로리 얼마나 섭취하고 있는지는 대충 알수 있고, 컬리도 자주 이용하는데 추천식단에서 바로 컬리로 이동해서 구매할수 있는게 편한거 같음. 근데 걸음수는 삼성헬스 앱이랑 연동이 안되는거 같은데 어떤걸로 연동해서 걸음수를 채워야 하나요? 답변 감사합니다. | 요리하기 귀찮은 사람한텐 딱이네요. 컬리에서 도시락이나 간편식 자주 사먹는데 연동 되어있으니 ㅋㅋㅋㅋㅋ 근데 포인트 모으기가 빡세서 열심히 달려야겠음~ ㅠㅠ",3.875,31.25,15.625
루션,입력,"컬리, 식단, 메뉴, 상품, 검색, 계획, 시중, 다른","시중에 나온 다른 식단 어플에 비해, 식단 등록이 불편함. 대략적인 메뉴나 컬리에서 구매할 수 있는 상품 외에도 프랜차이즈 식당의 메뉴 칼로리는 제시할 수 있어야 하지 않을까요. 두찜의 실비한우곱찜닭 루션만 검색 안됨. 곱도리탕으로 하려고 해도 검색 안됨. 그래서 곱창전골에 닭가슴살 추가해서 입력함. 컬리 포인트 외에 구체적인 차별점이나 매력 모르겠음 + 그리고 컬리 연계 장점을 살려서, 일주일 한달 단위로 식단을 스스로 계획할 수 있게 하고, 그 계획을 컬리 상품으로 구성해서 탄단지 분석해주는 식으로 하면 좋을 듯",3.875,31.25,15.625
루션,칼로리,"컬리, 식단, 다이어트, 기능, 이용, 구매, 걸음, 연동","회사 동료가 다이어트 앱 소개해줬는데 속는셈 치고 깔아서 꾸준히 썼더니 5키로 감량했요!(우리끼리만 알고싶은 앱)  매일매일 기록하는 재미도 있고, 이 은근 정확해서 칼로리 계산도 쉽게 할수있어요~ 기존에 있던 다이어트 앱에서 +더 간편+ 쉬운 메뉴얼? 여튼 좋아요! 개발자가 누군진 몰라도 참 야무지네요ㅋㅋ | 없는 음식들이 몇가지 꽤 많지만 나름 칼로리 얼마나 섭취하고 있는지는 대충 알수 있고, 컬리도 자주 이용하는데 추천식단에서 바로 컬리로 이동해서 구매할수 있는게 편한거 같음. 근데 걸음수는 삼성헬스 앱이랑 연동이 안되는거 같은데 어떤걸로 연동해서 걸음수를 채워야 하나요? 답변 감사합니다. | 먹은 칼로리 만기재되네요 운동한 칼로리도 좀빼야하지않을까요~~^^ | 아직 나온지 얼마 되지 않아 식품정보가 떨어진다는건 알지만... 그래도 더 많이 넣어주셨으면 합니다ㅠㅠㅠ 그리고 다들 식단관리 목적, 다이어트 목적으로 많이 이용하실텐데 목표 칼로리를 조정할 수 있는 기능은 없더군요... 제시해주는 칼로리보다 낮게 책정하고 싶은데... 따로 조정 기능이 생기면 좋을 것 같습니다! 그리고 요즘 당함량에 다들 민감한만큼 당함량도 체크할 수 있는 기능이 있다면 좋을 것 같아요! 이런것들 외엔 깔끔하고 직관적이라 좋은 앱인 것 같네요ㅎ | 시중에 나온 다른 식단 어플에 비해, 식단 등록이 불편함. 대략적인 메뉴나 컬리에서 구매할 수 있는 상품 외에도 프랜차이즈 식당의 메뉴 칼로리는 제시할 수 있어야 하지 않을까요. 두찜의 실비한우곱찜닭 루션만 검색 안됨. 곱도리탕으로 하려고 해도 검색 안됨. 그래서 곱창전골에 닭가슴살 추가해서 입력함. 컬리 포인트 외에 구체적인 차별점이나 매력 모르겠음 + 그리고 컬리 연계 장점을 살려서, 일주일 한달 단위로 식단을 스스로 계획할 수 있게 하고, 그 계획을 컬리 상품으로 구성해서 탄단지 분석해주는 식으로 하면 좋을 듯",3.875,31.25,15.625
밀리그램,식단,"기록, 운동, 사진, 어플, 사용, 기능, 입력, 광고","식단 텍스트 기록은 가능하나, 사진 등록이 안 되어요. 사진 전체 접근 허용해도.. 보완해주시면 좋겠습니다. | 식단에서, 제가 기록한 음식 내에서의 검색 기능이 생기면 더 편리해질 거 같아요! | 이 어플을 3년넘게 썼는데 무슨 식단등록하는데 광고가나와요..... ;;;;;; 다른 어플로 갈아타렵니다 | 식단이나 습관조절하기 좋은 어플인 건 맞으나, 코칭을 이용할 때 수면을 쪼갤 수가 없어서 너무 불편해요. 주간 근무자들이 이용하긴 정말 좋을 것 같습니다. 저는 교대근무라 수면기능을 쓸 수 없다시피했는데 코칭 점수에들어가다보니 너무 불편했습니다. 저는 그게 조금 아쉬웠어요~ | 4년 넘게 잘 썼는데, 식단 하나 올릴 때마다 광고나와서 다른 어플로 갈아타려고 합니다. 유료로 쓰기엔 그렇게 끌리진 않더라구요.. | 식단 관리 어플인데 영양 성분 보려면 광고를 보는게 맞나요? 어플 본질을 잊은듯 | 사진 하나 올릴때마다 광고가 나와서 최근에 식단 기록하기가 너무 싫어졌어요. 광고없는 버전으로 유료 내 주시던지 아니면 광고 좀 적당히 해주세요 ㅜㅜ | 무슨 식단 기록할 때마다 광고가 하나씩 떠요 게다가 닫기도 안돼서 어플을 다시 재실행해야 돼요 재실행해도 광고 지옥...;; 개선 좀 해주세요 | 3년째 잘 사용하고 있는 유저입니다 갑작스럽게 광고가 많아져서 더이상 사용하기가 어려울 것 같아요 점심 기록 하나 하려고 하면 광고를 봐야하니 기록하기가 싫어져서 기록 자체를 안하게 돼요 다른 식단 어플로 갈아타야할 것 같아요 물론 서비스 유지를 위해 광고는 필수적이지만, 기존 유저를 떨굴 정도면 문제가 있다고 생각합니다 기존에 3년 동안 잘 쓰고 있었으니 기능이나 서비스 자체는 너무 좋습니다.. | 밀리그램 너무 좋아해서 주변 친구들한테도 다 추천하고 다이어트 하는 친구들이랑 그룹 만들어서 하는 기능 잘 이용하고 있어요 다만 요즘들어 광고가 너무 심해져서 앱을 쓰는 것 자체가 싫어질 정도예요… 베너 형태로 광고를 바꾸면 어떨까 싶습니다 앱 유지를 위해선 광고를 넣는 건 당연한 거라고 생각하지만 식단 하나 올리면 15초 뜨고 하니까 그냥 쓰기 싫어지네요 지금까지 너무 잘 써왔어서 이런 변화가 좀 아쉽습니다",3.9775086505190314,32.17993079584775,9.86159169550173
밀리그램,관리,"식단, 기록, 어플, 사용, 운동, 사진, 건강, 입력","2년 전부터 잘쓰고 있는 어플인데, 항상 업데이트가 잘 되어서 좋았는데 요즘은 관리가 잘 안되는것 같네요. 지금까지 기록해둔게 아까워 계속 쓰고 있는데 오류같은건 잘 해결해주셨으면 합니다. 건강앱에서 기록된 체중같은 경우는 자동으로 입력되다가 이틀전부터 자동입력이 안되네요. | 식단 관리 어플인데 영양 성분 보려면 광고를 보는게 맞나요? 어플 본질을 잊은듯 | 내 몸 관리에 최적 | (수정) 크기가 커서 불편했던 쿠팡 광고가 더이상 뜨지 않아서 좋아요! 전에 썼던 리뷰를 읽고 바로 보완을 해주신 것 같아서 무척 만족합니다. 밀리그램 사용하면서 자기관리도 더욱 철저하게 실천하고 있습니다. 추천합니다! | 다이어트 앱으로 정말 잘 사용하고 있습니다. 두 가지 아쉬운 점은 음식 검색할 때 띄어쓰기나 단어 순서 상관없이 서치가 잘 되었으면 좋겠어요 예를 들어 ㅇㅇ닭 갈릭버터 치면 안나오고 갈릭버터맛 ㅇㅇ닭 이렇게 단어랑 순서 정확히 검색해야 나오는게 불편합니다. 그리고 다른 유저들이 음식 칼로리 추가하여 다함께 사용할 수 있는 기능도 생겼으면 좋겠습니다. 관리자분들이 많은 음식 칼로리를 추가하기에도 한계가 있고 유저들이 추가한거 서로서로 공유하면 검색 가능한 음식들도 더 다양해질 것 같아요 | 기록에 의미가 있는 사람이라면 사용하면 좋을 앱 같습니다. 저는 전혀 효과보지 못했어요. 4주간 유료로 관리하는 프로그램을 사용했는데 점수도 제대로 반영되지 않습니다. (술을 마시면 패널티가 있는데 적용되지 않음) 그냥 식단,물,운동 기록하면 점수가 높아요. 수면도 시간만 맞으면 수면의 질이 어떻든 좋은 점수 받을 수 있어요. 식단도 단순히 사용자 본인이 적당하다. 라고 생각하면 그대로 끝이예요. 피드백도 너무 단조로워서 다음 날, 다음 주 피드백이 예상 가능 할 정도입니다. 운동 연관 유투브 들어갔더니 삭제된 프로그램도 있어서 이건 무슨 경우지 했네요. 결국 전 한 달 못 채우고 무의미한 알림때문에 탈퇴하고 삭제합니다. | 사진이 찍힌 시간이 자동 저장되서 너무 편리해요. 병원에서 식단관리앱을 알려줬는데, 그게 안되서 이걸 쓰고 있어요. | 안녕하세요. 좋은 어플 잘 쓰고있는 유저입니다. 그런데 앱잠금 기능은 없나요? 신체사진은 물론이고 개인정보가 담겨있는 어플이라 잠금이 없는게 너무 아쉽습니다. 웬만한 체중관리 어플에 다 있는 기능인데 밀리그램에 넣지않은 이유가 따로있나요? | 파티 맺고 건강관리 좋아요~ | 사진으로 식단관리 편하게~~~굿",3.9775086505190314,32.17993079584775,9.86159169550173
밀리그램,운동,"기록, 식단, 어플, 사진, 기능, 사용, 입력, 시간","운동 코스 알려주는거 진짜 너무 너무 좋은데 코스 알려주는 거 플러스 터치하면 링크 연결돼서 유튜브로 넘어간다던가 앱에서 영상을 보여준다던가 이랬으면 좋겠어요. 코스 알려준거 그대로 유튜브 들어가서 하나 하나 찾으려니까 운동 하기도 전에 찾느라 시간 다 가요….ㅠ 이거 보완 안되나요? | 5/21 수요일 운동으로 기록했는데 5/20 화요일에 등록됨.. 어제도 그러더니 오늘 또 이러네요 오류라면 수정해주시고, 제가 뭐 잘못 설정한거라면 알랴주세요ㅠ 불편해료 | 가장 큰 장점이라면, 영양성분 세세하게 기록할 수 있는 거 너무 유용하고요..!! 무조건 '다이어트'초점이 아니라 다양한 개인목표를 가진 그룹이 많아서 좋아요. 저는 건강하게 먹으면서 운동위주로 하고 싶었는데, 감량만 주제로 하는 데가 많아서 아쉬웠거든요...그리고 AI 기능이 터무니없지도 않고요. 합리적인 가격에 AI코칭 넘 유용해서 잘 썼습니다. 리뷰 귀찮아서 안 남기는데... 갑자기 오래오래 사용하고 싶다는 생각이 들어서ㅠ 더 인기 많아지면 좋겠네요 | 포인트 혜택을 야금야금 줄이더니 갑자기 없애버리질않나...무료분은 운동이나 식단 북마크도 한개씩밖에 안되는게 너무 별로에요. 열심히 광고 봐가면서 앱 썼는데 더는 메리트 없는거같아서 지웁니다. 단기간으로 그룹 다이어트할때는 도움될수도 있겠네요. | 유료결제하여 잘 사용중인데 엊그제부터 오류가 있네요. 1. 식단공유방이 무한새로고침이 되어 다른 사람들 식단 및 운동현황을 확인할 수가 없습니다. 2. 식단 저장할 때마다 어제 취침기록이 없어 분석불가하다는 팝업이 나옵니다. (취침기록 매일 하고있고 식단기록시에는 나오지 않던 팝업임.) 확인부탁드립니다🥲🙏 | 24년 6월부터 12월 6일까지 기록한 내용이 사라졌어요ㅠ 식단, 운동 체크 후 다른 곳으로 오늘 일지를 공유할 때 식단 사진은 첨부되는데 운동 사진은 사진첨부가 안 돼요ㅠㅠ | 1.만보기 연동이 안됩니다. 앱 설정 다 허용했음에도 안됩니다 2. 자주 먹는 음식을 저장할 수는 없나요 3. 특정 브랜드의 제품이 아닌 이상 칼로리 정보가 너무 중구난방입니다 4. 운동 소모 cal를 제가 직접 입력할 수는 없나요?? 5. 음식 검색할 때 로딩이 엄청 늦게 되거나 화면이 그냥 하얗게 변하는 경우가 있어요. 앱을 껐다가 다시 켜면 됩니다 | 프로로 무료체험이 가능해서 식단부터 운동 신체기록까지 남겨가며 데이터활용도가 높아 좋습니다!!! | 식단과 운동을 이미지로 깔끔하게 공유할 수 있는것도 좋고 입력하는것도 쉬워서 잘쓰고 있어요 | 잘 사용하고있는데 업데이트되면서 기존 기록들이 다 사라졌어요 운동 프로그램 기록이라 너무 중요한 내용인데 복구하려면 어떻게 해야하죠??",3.9775086505190314,32.17993079584775,9.86159169550173
밀리그램,다이어트,"기록, 식단, 기능, 어플, 사용, 사진, 광고, 친구","안녕하세요 개발자님! 우선 이런 좋은앱을 만들어주셔서 정말 감사합니다ღ’ᴗ’ღ  후기는 귀차니즘때문에 전혀 안쓰는데 감사한 마음에 적어봅니다! 수년간 다이어트를 달고 살면서 칼로리에 대한 강박을 많이 느꼈는데 다른 앱과 달리 밀리그램은 온전히 내 바디컨디션에 집중해서 타인이 정해둔 기준이 아닌 내가느끼는 섭취량/음식의 점수을 매길 수 있어 보다 마인드 컨트롤이 더 잘되는 느낌이에요! 그런데 아쉬운 점은  1) 체중 그래프와 함께 골격근량과 체지방률 그래프도 같이 있었음 좋을 것 같습니다 2) 눈바디 사진 모아보기를 할 때 같은 날 찍은 사진만 크게 연속으로 볼 수 있는데 전체 사진을 넘기면서 볼 수 있었으면 좋겠습니다 항상 열심히 개발해주시고 앱 개선에 최선을 다해주셔서 감사합니다ღ’ᴗ’ღ❤ —————————————————— ++++ 추가로 계획 별 달성 지표 체크리스트(?) 같은 걸 확인할 수 있으면 좋겠습니당! 주간/월간 처럼 되돌아 볼 수 있는 지표가 있으면 좋을 거 같아요ㅎㅎ | 다이어트앱중에최고 | 밀리그램 너무 좋아해서 주변 친구들한테도 다 추천하고 다이어트 하는 친구들이랑 그룹 만들어서 하는 기능 잘 이용하고 있어요 다만 요즘들어 광고가 너무 심해져서 앱을 쓰는 것 자체가 싫어질 정도예요… 베너 형태로 광고를 바꾸면 어떨까 싶습니다 앱 유지를 위해선 광고를 넣는 건 당연한 거라고 생각하지만 식단 하나 올리면 15초 뜨고 하니까 그냥 쓰기 싫어지네요 지금까지 너무 잘 써왔어서 이런 변화가 좀 아쉽습니다 | 예전부터 다이어트 기록으로 잘쓰고 있던 어플이였는데 갑자기 식단이던 뭘 하나씩 올릴때마다 광고가 계속 나오고 짧은것도아니고 시간도 너무 길어요ㅡㅡ 결제하라고 이렇게 만드는것 같아요 어플 쓸때 한두번 정도 광고가 뜨는건 이해하는데 이건 뭐 글 하나 사진 하나 올릴때마다 광고가 계속 나오는건 너무 한거아닌가요 다른 어플로 바꾸려구요ㅡㅡ | 22년도부터 4년째 쓰고 있어요. 넘 좋아서 주변에도 추천 엄청 많이 하고요 ㅎㅎㅎ 단순히 다이어트가 아니라 그냥 본인 심신 가꾸는데 아주 유용합니다! 최고최고~~~ | 포인트가 처음부터 있던 기능은 아니었던 거로 기억해요… UI가 깔끔해서 저는 밀리그램 초기부터 사용했던 유저입니다 포인트 기능이 생기고 정말 열심히 모았었는데… 개강하고 다이어트 잠깐 안 하면서 앱 접속을 안 한 기간에 포인트가 다 사라졌더라구요…  앱 알람 공지라도 띄워주셨으면 좋았을텐데 아쉬움이 남네요 몇백도 아니고 만단위로 모았던 거 같아서…  포인트 기능이 사라져 너무 아쉽지만 전 밀리그램 계속 사용할 겁니다 포인트 기능이 다시 생기면 좋겠긴 해요 결국 전 그 많은 포인트로 아무것도 사지 못했었거든요… | 가장 큰 장점이라면, 영양성분 세세하게 기록할 수 있는 거 너무 유용하고요..!! 무조건 '다이어트'초점이 아니라 다양한 개인목표를 가진 그룹이 많아서 좋아요. 저는 건강하게 먹으면서 운동위주로 하고 싶었는데, 감량만 주제로 하는 데가 많아서 아쉬웠거든요...그리고 AI 기능이 터무니없지도 않고요. 합리적인 가격에 AI코칭 넘 유용해서 잘 썼습니다. 리뷰 귀찮아서 안 남기는데... 갑자기 오래오래 사용하고 싶다는 생각이 들어서ㅠ 더 인기 많아지면 좋겠네요 | 다이어트어플을 정착을 못하고 있었는데 이앱을 써봤더니 기록하기도 편하고 타임스탬프 너무좋은거같아요! 오류가있긴해요. 알람이 안울리고 사진찍을때 한번에 안찍히고 여러번 찍어야 성공ㅜㅜ 그래도 좋아서 결제까지 하게됐네요! 즐다하겠습니다😊 | 다이어트를 하면서 매일 사용하는 앱입니다 덕분에 살도 빠지고 너무 좋은 어플이지만 바뀌었으면 하는 의견이 있습니다. 음식을 검색하면 칼로리가 정보가 여러가지고 정보도 정확하지 않은게 많이 있습니다. 물론 제조사마다 다르지만 야채나 과일은 1~2가지만 있어도 충분한데 여러개의 칼로리 정보가 있으니 뭐가 맞는건지 모르겠어서 따로 찾아봐야하는 번거로움이 있습니다. 그리고 제 사소한 의견이지만 식단을 입력하지 않아도 따로 음식의 칼로리정보를 확인할 수 있는 기능이 있으면 좋겠습니다^^ 조금의 단점이 있지만 덕분에 너무 잘쓰고 있습니다. 감사합나당♡ | 포인트 혜택을 야금야금 줄이더니 갑자기 없애버리질않나...무료분은 운동이나 식단 북마크도 한개씩밖에 안되는게 너무 별로에요. 열심히 광고 봐가면서 앱 썼는데 더는 메리트 없는거같아서 지웁니다. 단기간으로 그룹 다이어트할때는 도움될수도 있겠네요.",3.9775086505190314,32.17993079584775,9.86159169550173
밀리그램,로그인,"다시, 계정, 문의, 메일, 자동, 해결, 광고, 얼마나","문의를 남기고 메일을 보내도 자동 로그인 해결은 안 해주고 광고는 또 얼마나 심한지,, 최악이네오 | 이전에 사용하디가 다시 시작하려고 설치했는데 카카오 로그인이 안됩니다. 이미 가입된계정이있다고 하고 로그인이 안되네요 기존 계정으로 로그인을 할수있는 방법이있을까요??? | 로그인이안댐 | 들어가서 바로 식단 다 기록 했는데.. 다시 들어가니까 사라져있네요..첨부터 로그인을 해야되는거면 알려주지.. | 노모 간단하고 직관적이고 좋아영. 근데 로그인 기능 없어서 앱 지우면 다 날라가는게 아쉬워요 ㅠ",3.9775086505190314,32.17993079584775,9.86159169550173
밀리그램,기록,"식단, 운동, 사진, 어플, 사용, 기능, 입력, 시간","식단 텍스트 기록은 가능하나, 사진 등록이 안 되어요. 사진 전체 접근 허용해도.. 보완해주시면 좋겠습니다. | 식단에서, 제가 기록한 음식 내에서의 검색 기능이 생기면 더 편리해질 거 같아요! | 2년 전부터 잘쓰고 있는 어플인데, 항상 업데이트가 잘 되어서 좋았는데 요즘은 관리가 잘 안되는것 같네요. 지금까지 기록해둔게 아까워 계속 쓰고 있는데 오류같은건 잘 해결해주셨으면 합니다. 건강앱에서 기록된 체중같은 경우는 자동으로 입력되다가 이틀전부터 자동입력이 안되네요. | 사진 하나 올릴때마다 광고가 나와서 최근에 식단 기록하기가 너무 싫어졌어요. 광고없는 버전으로 유료 내 주시던지 아니면 광고 좀 적당히 해주세요 ㅜㅜ | 이 어플 너무 잘 쓰고 있었는데, 최근에 한 끼 사진 등록할 때마다 30초 이상의 광고가 나옵니다. 사실 광고 보는건 이해 하는데, 하루 기록하고 보면 괜찮은데 한끼 기록할 때마다 광고가 나오면 하루 기록은 아침 등록하고 광고 나오고 점심 사진 올리면 또 광고 나오고,,,광고가 너무 많이 나옵니다 | 무슨 식단 기록할 때마다 광고가 하나씩 떠요 게다가 닫기도 안돼서 어플을 다시 재실행해야 돼요 재실행해도 광고 지옥...;; 개선 좀 해주세요 | 3년째 잘 사용하고 있는 유저입니다 갑작스럽게 광고가 많아져서 더이상 사용하기가 어려울 것 같아요 점심 기록 하나 하려고 하면 광고를 봐야하니 기록하기가 싫어져서 기록 자체를 안하게 돼요 다른 식단 어플로 갈아타야할 것 같아요 물론 서비스 유지를 위해 광고는 필수적이지만, 기존 유저를 떨굴 정도면 문제가 있다고 생각합니다 기존에 3년 동안 잘 쓰고 있었으니 기능이나 서비스 자체는 너무 좋습니다.. | 다 좋은데 이제 포인트 적립도 안 되면서 기록할 때마다 광고를 보게 하네요? 대체할 어플이 없는 것도 아닌데 누구 아이디어지 ㅎㅎ | 예전부터 다이어트 기록으로 잘쓰고 있던 어플이였는데 갑자기 식단이던 뭘 하나씩 올릴때마다 광고가 계속 나오고 짧은것도아니고 시간도 너무 길어요ㅡㅡ 결제하라고 이렇게 만드는것 같아요 어플 쓸때 한두번 정도 광고가 뜨는건 이해하는데 이건 뭐 글 하나 사진 하나 올릴때마다 광고가 계속 나오는건 너무 한거아닌가요 다른 어플로 바꾸려구요ㅡㅡ | 식단 기록하려믄디 자꾸 나가시겠습니까 팝업 떠서 추가가 어려워요",3.9775086505190314,32.17993079584775,9.86159169550173
밀리그램,연동,"헬스, 걸음, 삼성, 기록, 기능, 밀리그램, 사용, 어플","건강앱 연동 어떻게 하나요? | 안녕하세요:) 밀리그램 정말 잘 사용하고 도움받고 있습니다. 다만 걸음수가 연동이 안되어 이에 대한 해결방법이 궁금합니다!(저는 애플 제품들을 사용 중입니다) | 직관적 입력, 건강 앱 연동으로 기록이 간편해요! 디자인도 심플해서 좋아요. 멋진 앱 만들어주셔서 고맙습니다. 추가로 한 가지 건의드려도 될까요? 일정 기간 동안 몸무게 변화를 볼 수 있는 위젯이 있다면 더 좋을 것 같습니다. 감사합니다! | 다른 기능은 모두 좋고 잘 이용하고 있습니다...근데 삼성헬스 걸음수가 정말 영원히 연동이 안되네요.ㅠㅜㅠ그래서 밀리그램 만보기로 바꿔봤는데 이것도 실행이 안되구요...어떻게 해야할까요 | 1.만보기 연동이 안됩니다. 앱 설정 다 허용했음에도 안됩니다 2. 자주 먹는 음식을 저장할 수는 없나요 3. 특정 브랜드의 제품이 아닌 이상 칼로리 정보가 너무 중구난방입니다 4. 운동 소모 cal를 제가 직접 입력할 수는 없나요?? 5. 음식 검색할 때 로딩이 엄청 늦게 되거나 화면이 그냥 하얗게 변하는 경우가 있어요. 앱을 껐다가 다시 켜면 됩니다 | 1년 구독해서 잘 쓰고 있어요 그런데 만보기를 한 눈에 확인 가능했으면 좋겠어요 삼성헬스 연동하라고 해서 했는데 앱 안에서 볼 수 있는게 아니라 삼성헬스 앱에 들어가야 확인할 수 있는것 같더라구요 이것 빼곤 다 괜찮아요 | 잘 사용 중입니다. 그런데 언젠가부터 걸음수가 원래 걸음의 두 배가 넘습니다. 삼성헬스만 연동했을 때는 문제없었습니다. 구글 피트니스도 연동 후 이런 문제가 나는 것 같습니다. 해결방안 요청드립니다. | 정말 잘 쓰고 있습니다, 분실 등의 대비와 전의 기록을 쉽게 문서화하여 볼 수 있도록, 어플 기록한 내용을 문서로 간편화해 구글에 파일로 연동하는, 실시간 연동할 수 있는 기능이 필요합니다. | 삼성헬스연동을 했는데 정보가 입력이 안되요 권한 모두 허용했는데도 말이죠 앱상 문제인가요?? | 업데이트 할게 없는데 업데이트 하라면서 걸음연동이 안됩니다~",3.9775086505190314,32.17993079584775,9.86159169550173
밀리그램,입력,"기록, 시간, 식단, 사진, 정보, 어플, 음식, 운동","2년 전부터 잘쓰고 있는 어플인데, 항상 업데이트가 잘 되어서 좋았는데 요즘은 관리가 잘 안되는것 같네요. 지금까지 기록해둔게 아까워 계속 쓰고 있는데 오류같은건 잘 해결해주셨으면 합니다. 건강앱에서 기록된 체중같은 경우는 자동으로 입력되다가 이틀전부터 자동입력이 안되네요. | 직관적 입력, 건강 앱 연동으로 기록이 간편해요! 디자인도 심플해서 좋아요. 멋진 앱 만들어주셔서 고맙습니다. 추가로 한 가지 건의드려도 될까요? 일정 기간 동안 몸무게 변화를 볼 수 있는 위젯이 있다면 더 좋을 것 같습니다. 감사합니다! | 광고만 잔뜩 늘고 사진 기록을 제대로 해야하는데 내용도 제대로 입력 안되고 빨리 갈아타고싶어요!!! | 다이어트를 하면서 매일 사용하는 앱입니다 덕분에 살도 빠지고 너무 좋은 어플이지만 바뀌었으면 하는 의견이 있습니다. 음식을 검색하면 칼로리가 정보가 여러가지고 정보도 정확하지 않은게 많이 있습니다. 물론 제조사마다 다르지만 야채나 과일은 1~2가지만 있어도 충분한데 여러개의 칼로리 정보가 있으니 뭐가 맞는건지 모르겠어서 따로 찾아봐야하는 번거로움이 있습니다. 그리고 제 사소한 의견이지만 식단을 입력하지 않아도 따로 음식의 칼로리정보를 확인할 수 있는 기능이 있으면 좋겠습니다^^ 조금의 단점이 있지만 덕분에 너무 잘쓰고 있습니다. 감사합나당♡ | 앱이 정말 편하고 원하는 기능이 다 들어있는데 한 가지 단점 때문에 너무 스트레스 받아서 별 2개 깎습니다. 몇번이고 직접 등록하는 음식의 정보를 수정하고 저장했으나 반영이 안 되고 그 음식을 삭제하고 재등록을 시도해도 맨 처음에 잘못 입력했던 정보대로 등록이 됩니다. 고쳐주세요. | 1.만보기 연동이 안됩니다. 앱 설정 다 허용했음에도 안됩니다 2. 자주 먹는 음식을 저장할 수는 없나요 3. 특정 브랜드의 제품이 아닌 이상 칼로리 정보가 너무 중구난방입니다 4. 운동 소모 cal를 제가 직접 입력할 수는 없나요?? 5. 음식 검색할 때 로딩이 엄청 늦게 되거나 화면이 그냥 하얗게 변하는 경우가 있어요. 앱을 껐다가 다시 켜면 됩니다 | 1. 대체당 표시할 수 있게 해주세요. 그리고 알룰로스나 대체당 함유가 그대로 식이섬유로 입력 되어있는 경우가 많습니다. 2. 지방 불포화지방도 표시할 수 있게 해주세요 3. 탄단지 및 기초대사량 원하는 비율로 할 수 있게 해주세요 4. 식단쓰다가 다른 앱 화면으로 넘어가면 식단 처음부터 다시 써야 하는게 너무 불편합니다. 유료로 주고 쓰는 앱인데 미흡한 부분이 너무 많다고 생각합니다. | 서버에서 불러오지 못했어요 라는 문장과 함께 안 뜨는 일이 비일비재합니다 그룹과 관련된 거나 식재료 정보 입력할 때 자주 이러네요 | 너무 불편해요 이번에 업데이트 하면서 식단 입력하는거 왜이렇게 바뀐거죠? 음식 클릭하면 자꾸 1인분 열량이 1g으로 잡혀서 일일히 또 입력해야되고 그람수 입력하는 것도 불편해요 내가 원하는 그람수 입력하려고 숫자 지우면 최초에 등록되어있던 그람수로 다시 설정돼요 누구 손가락 똥개훈련시키는 것도 아니고 갤럭시폰은 그람수를 ml로 바꿀때 자꾸 밑에 확인버튼 숨어서 잘 안눌려요 아 이거 누가 이렇게하라고 컨펌낸거에요? 돈 주고 쓰는건데 이렇게 하면 안되잖아요 | 식단과 운동을 이미지로 깔끔하게 공유할 수 있는것도 좋고 입력하는것도 쉬워서 잘쓰고 있어요",3.9775086505190314,32.17993079584775,9.86159169550173
밀리그램,좋겠어요,"기록, 입력, 사진, 기능, 운동, 식단, 시간, 그룹","운동 코스 알려주는거 진짜 너무 너무 좋은데 코스 알려주는 거 플러스 터치하면 링크 연결돼서 유튜브로 넘어간다던가 앱에서 영상을 보여준다던가 이랬으면 좋겠어요. 코스 알려준거 그대로 유튜브 들어가서 하나 하나 찾으려니까 운동 하기도 전에 찾느라 시간 다 가요….ㅠ 이거 보완 안되나요? | 물론 적당한 광고는 필요하겠지만 하나 등록할 때마다 광고 나오는 거 때문에 앱 들어가는 거 자체가 스트레스로 다가와요 그렇다고 프로 결제하기엔 프로에 있는 기능은 이용하는게 없어서.. 이렇게 광고 계속 노출하실 거면 광고만 없애는 앱내구입 같은 것도 나왔으면 좋겠어요 | 잘 쓰고있는 어플입니다. 서바이벌이 개최 되면 좋겠어요! 더 열심히 하기위해 ㅎ | 기록하는걸 좋아하는데 사진도 기록이 가능해서 좋아요. 화면도 심플하고 필요한 기능에 바로 접근이 가능해서 편리합니다.  조금 추가되었으면 하는 기능은 영양소중에 세부 영양소 내용이 있는 항목은 버튼이나 배지로 표시가 되었으면 좋겠어요. 검색하면 동일한 음식 리스트가 많은데 그 중 칼로리만 있는게 아닌 탄수화물양 등 세부 영양소 정보가 있는 항목을 선택하려면 하나씩 모두 눌러봐야하는 부분이 약간 불편합니다. 추가로 탄단지가 칼로리별로 계산되는 비율말고 g으로만 나눠지는 비율그래프로도 선택가능했으면 좋겠는데 이건 뭐 아래에 g수가 나와서 크게 불편한 부분은 아닙니다. 잘 사용하고 있습니다 | 다 좋은데 날짜 바로가기 기능이 있었으면 좋겠어요 예전 기록 보려고 하는데 한참을 넘겨야 하네요. | 1년 구독해서 잘 쓰고 있어요 그런데 만보기를 한 눈에 확인 가능했으면 좋겠어요 삼성헬스 연동하라고 해서 했는데 앱 안에서 볼 수 있는게 아니라 삼성헬스 앱에 들어가야 확인할 수 있는것 같더라구요 이것 빼곤 다 괜찮아요 | 순탄수로 기록되면 좋겠어요 ㅜㅜ | 다이어트 앱으로 정말 잘 사용하고 있습니다. 두 가지 아쉬운 점은 음식 검색할 때 띄어쓰기나 단어 순서 상관없이 서치가 잘 되었으면 좋겠어요 예를 들어 ㅇㅇ닭 갈릭버터 치면 안나오고 갈릭버터맛 ㅇㅇ닭 이렇게 단어랑 순서 정확히 검색해야 나오는게 불편합니다. 그리고 다른 유저들이 음식 칼로리 추가하여 다함께 사용할 수 있는 기능도 생겼으면 좋겠습니다. 관리자분들이 많은 음식 칼로리를 추가하기에도 한계가 있고 유저들이 추가한거 서로서로 공유하면 검색 가능한 음식들도 더 다양해질 것 같아요 | 식단일기가 다이어터들만 쓰는 프로그램이 아니라 내가 어떤음식으로 식단을 구성할 것인지, 요리를 짜는데 쓰는 사람들도 있는데 너무 다이어터 위주로 구성되어있어서 불편하네요 테마 요리 위주로 레시피를 사진과 글을 같이 기록하고 매일 확인할 수 있는 탭이 있으면 좋겠어요 | 와 다 너무좋아요!!! 다만 운동기록 사진에도 타임스탬프 기능추가되었으면 좋겠어요!ㅠㅠ",3.9775086505190314,32.17993079584775,9.86159169550173
밀리그램,칼로리,"음식, 기능, 식단, 정보, 어플, 사진, 입력, 추가",안녕하세요 개발자님! 우선 이런 좋은앱을 만들어주셔서 정말 감사합니다ღ’ᴗ’ღ  후기는 귀차니즘때문에 전혀 안쓰는데 감사한 마음에 적어봅니다! 수년간 다이어트를 달고 살면서 칼로리에 대한 강박을 많이 느꼈는데 다른 앱과 달리 밀리그램은 온전히 내 바디컨디션에 집중해서 타인이 정해둔 기준이 아닌 내가느끼는 섭취량/음식의 점수을 매길 수 있어 보다 마인드 컨트롤이 더 잘되는 느낌이에요! 그런데 아쉬운 점은  1) 체중 그래프와 함께 골격근량과 체지방률 그래프도 같이 있었음 좋을 것 같습니다 2) 눈바디 사진 모아보기를 할 때 같은 날 찍은 사진만 크게 연속으로 볼 수 있는데 전체 사진을 넘기면서 볼 수 있었으면 좋겠습니다 항상 열심히 개발해주시고 앱 개선에 최선을 다해주셔서 감사합니다ღ’ᴗ’ღ❤ —————————————————— ++++ 추가로 계획 별 달성 지표 체크리스트(?) 같은 걸 확인할 수 있으면 좋겠습니당! 주간/월간 처럼 되돌아 볼 수 있는 지표가 있으면 좋을 거 같아요ㅎㅎ | 너무 잘쓰고있습니다 편하고 간단하고 너무 복잡하지도 않고 근데 칼로리 설정을 다시 할수는 없는건가요? | 잘쓰고 있어요. 다른건 아이폰 건강에서 자동 불러와서 편한데 체중 근골격량 등은 불러오는 기능이 없나요? 그거랑 음식 리스트가 영양정보는 없는게 많아서 정리가 필요할거 같아요 그리고 쓰다보니 당을 2000칼로리당 25그램으로 기준으로 설정해놓으신거 같은데 이 기준에 과일이나 이런 자연당은 포함이 안되는 것으로 알고 있으나 이것까지 다 당으로 잡혀서 맨날 당 폭발 식단 하는 걸로 나오네여 당에 자연당 말고 가당만 나오게 해주시면 좋겠습니다 | 기록하는걸 좋아하는데 사진도 기록이 가능해서 좋아요. 화면도 심플하고 필요한 기능에 바로 접근이 가능해서 편리합니다.  조금 추가되었으면 하는 기능은 영양소중에 세부 영양소 내용이 있는 항목은 버튼이나 배지로 표시가 되었으면 좋겠어요. 검색하면 동일한 음식 리스트가 많은데 그 중 칼로리만 있는게 아닌 탄수화물양 등 세부 영양소 정보가 있는 항목을 선택하려면 하나씩 모두 눌러봐야하는 부분이 약간 불편합니다. 추가로 탄단지가 칼로리별로 계산되는 비율말고 g으로만 나눠지는 비율그래프로도 선택가능했으면 좋겠는데 이건 뭐 아래에 g수가 나와서 크게 불편한 부분은 아닙니다. 잘 사용하고 있습니다 | 다이어트를 하면서 매일 사용하는 앱입니다 덕분에 살도 빠지고 너무 좋은 어플이지만 바뀌었으면 하는 의견이 있습니다. 음식을 검색하면 칼로리가 정보가 여러가지고 정보도 정확하지 않은게 많이 있습니다. 물론 제조사마다 다르지만 야채나 과일은 1~2가지만 있어도 충분한데 여러개의 칼로리 정보가 있으니 뭐가 맞는건지 모르겠어서 따로 찾아봐야하는 번거로움이 있습니다. 그리고 제 사소한 의견이지만 식단을 입력하지 않아도 따로 음식의 칼로리정보를 확인할 수 있는 기능이 있으면 좋겠습니다^^ 조금의 단점이 있지만 덕분에 너무 잘쓰고 있습니다. 감사합나당♡ | 1.만보기 연동이 안됩니다. 앱 설정 다 허용했음에도 안됩니다 2. 자주 먹는 음식을 저장할 수는 없나요 3. 특정 브랜드의 제품이 아닌 이상 칼로리 정보가 너무 중구난방입니다 4. 운동 소모 cal를 제가 직접 입력할 수는 없나요?? 5. 음식 검색할 때 로딩이 엄청 늦게 되거나 화면이 그냥 하얗게 변하는 경우가 있어요. 앱을 껐다가 다시 켜면 됩니다 | 음식종류가 많지 않고 코칭보고서 오류가 넘 많아요 ㅠㅠ 1000칼로리대 먹었는데 무슨 거의 3천칼로리 먹었다고 적혀있고.. 어제꺼는 다 적어놨는데 0칼로리 먹었다고 적혀있더라도요... 자잘한 오류가 많아서 지금 무료체험중인데 구독 취소할까 고민중이에요 ㅠ | 프로로 잘쓰고 있습니다. 건의 있습니다. 1. 코칭시 영양소 섭취비율 수정이 가능하면 좋겠습니다. 탄단지 4:4:2 로 수정하고 싶은데 안되니 답답합니다 2. 아직까진 직관적으로 잘 들어오는 화면은 아닌 것 같습니다 3. 코칭에 나온 목표 칼로리랑 기록에 나오는 목표 칼로리 수치가 다릅니다 | 다이어트 앱으로 정말 잘 사용하고 있습니다. 두 가지 아쉬운 점은 음식 검색할 때 띄어쓰기나 단어 순서 상관없이 서치가 잘 되었으면 좋겠어요 예를 들어 ㅇㅇ닭 갈릭버터 치면 안나오고 갈릭버터맛 ㅇㅇ닭 이렇게 단어랑 순서 정확히 검색해야 나오는게 불편합니다. 그리고 다른 유저들이 음식 칼로리 추가하여 다함께 사용할 수 있는 기능도 생겼으면 좋겠습니다. 관리자분들이 많은 음식 칼로리를 추가하기에도 한계가 있고 유저들이 추가한거 서로서로 공유하면 검색 가능한 음식들도 더 다양해질 것 같아요 | 칼로리 검색기능이 있어서 더 좋네요,3.9775086505190314,32.17993079584775,9.86159169550173
인아웃,식단,"기록, 추가, 다이어트, 운동, 칼로리, 입력, 어플, 기능","운동 기록하는 기록하기 버튼 터치 안됌 식단 기록할때도 터치 됐다 안됐다 함 | 앱스토어에서 리뷰 처음 써봅니다. 식단 먹은거 추가하려고 등록하려는데 5번 연속으로 검색하는 도중에 밖으로 나가지네요. 너무 답답해서 더이상은 못써먹겠습니다. 파이팅입니다. | 들어가자마자 나오는 첫 화면안에  식단 몸무게 운동을 다 기록하고 볼 수 있으면 좋겠어요.  몸무게 기록 하려면 쭉 내려야하고 한눈에 보이지 않아서 그 부분이 조금 아쉬워요 😭😭😭😭😭😭😭 이 앱이 디자인도 그렇고 기능들도 다이어트 기록에 정말 최적화된 앱이에요!!! 다른 앱들도 많이 써봤는데 이게 제일 좋아서 다이어트 결심할 때마다 이걸루 해요!! | 다이어트 위해 깔아서 잘 쓰는중입니다 식단, 몸무게, 칼로리, 단식 한번에 기록 가능해서 너무 좋아요! 일기 기능이 있어서 그것도 마음에 듭니다 한가지 부탁드리고 싶은건 단식 기록 칸에 쉬움/적당/무리 체크하는것도 좋지만 한줄평 처럼 기록 할 수 있는게 있었으면 좋겠습니다!! 부탁드립니다 ㅎㅎㅎㅎ | 6개월동안 다이어트 하면서 꾸준히 식단기록, 운동기록 하면서 감량추이 보기도 정말 좋았고 커뮤니티 눈팅하며 도움도 많이 받았습니다ㅎㅎ 이제 유지어터로 전향해서 어플은 꾸준히 사용할 예정인데, 여러 업데이트 다 너무 좋지만 예전처럼 한달 식단앨범 한눈에 보기가 다시 생겼으면 좋겠어요 🥲.. 지금은 일별로 보여서 한달치 모아보기가 어려운점이 조금 아쉽습니다 ㅠㅠ! | 잡스러운 ui에 집중하지 마시고 몸무게 통계나 식단 뭐 먹었는지 한눈에 볼수있는 탭 만들어주세요ㅠㅠ 식단 뭐 먹었는지 보려면 자세히 들어가서 다른 탭 한번 더 들어가는거 개귀찮아요 식단 뭐먹었는지 보는거도 하루치만 보는거 아니고 저번주부터 뭐먹었나 보려는데 개불편하게 되있음 ; | 옛날 버전처럼 누군가 등록해두면 다른 사람도 쓸 수 있게끔 해주세요. 신메뉴 나올 때마다 개인 등록 하려니까 너무 번거로워요 진짜..그냥 옛날 인아웃이 제일 좋았는데 왜 자꾸 이상한 신기능만 나오고 그런건지 모르겠어요. 식단 어플은 기본만 하면 된다고 생각합니다. | 항상 잘 사용하고 있습니다. 그런데 업데이트되고 바뀐 식단 앨범 ui 너무 별로예요…기존 화면은 그 달에 먹은 걸 한눈에 볼 수 있어서 참 좋았는데, 바뀐 건 스크롤도 많이 해야하고, 식단 앨범 누르기 전 페이지랑 기능적으로도 큰 차이가 없는 것 같아요…최소한 정렬방식을 두 가지 옵션으로 만들어 주실 수 없나요? | 인아웃 진짜 잘 쓰고 있습니다~!! 친구와 같이 식단과 운동 기록하며 다이어트 중인데 친구가 운동에는 사진 추가를 못 하냐고 물어보더라구요..ㅜ 저도 운동에 사진 추가 기능이 있음 좋겠다 생각했었는데 생각만 하다가 친구가 말하니 정말 있음 좋겠다 싶어 리뷰에다가 보내요~^0^ | 다이어터에게 너무 좋은 앱이예요. 디자인도 너무 예쁘고 기록, 배틀 등 다양한 요소들이 재미있고 고통스러운 관리를 조금이나마 즐겁게 만들어줍니다. 근데 단식이 사용자의 입장에서 만들어졌다는 생각이 안듭니다. 매일 간헐적 단식을 시작하는 시간은 같을 수 없고 단식을 유지하는 시간이 관리하는 사람에겐 중요한 요소예요. 필라이즈의 경우 위젯을 통해 간편한 단식 시작-종료를 하고 이 사이의 기간이 바로바로 저장되도록 되어있어요. 즉, 보다 사용자의 입장에서 간헐적 단식 타이머에 대한 기능을 사용자 편의가 높도록 제공하고있어요. 다른 기능들에 대한 사용성, 더 큰 식단 데이터베이스 등 다른건 다 인아웃이 나은데 이것 때문에 필라이즈로 돌아가게 되네요 ㅠ 관리용 앱을 하나만 깔고싶은 저의 염원이 닿기를 ..! 단식 타이머 제발 개선 해주세요 !",4.350810295519542,28.503336510962825,8.674928503336512
인아웃,관리,"식단, 다이어트, 기록, 음식, 어플, 사용, 단식, 기능","다이어터에게 너무 좋은 앱이예요. 디자인도 너무 예쁘고 기록, 배틀 등 다양한 요소들이 재미있고 고통스러운 관리를 조금이나마 즐겁게 만들어줍니다. 근데 단식이 사용자의 입장에서 만들어졌다는 생각이 안듭니다. 매일 간헐적 단식을 시작하는 시간은 같을 수 없고 단식을 유지하는 시간이 관리하는 사람에겐 중요한 요소예요. 필라이즈의 경우 위젯을 통해 간편한 단식 시작-종료를 하고 이 사이의 기간이 바로바로 저장되도록 되어있어요. 즉, 보다 사용자의 입장에서 간헐적 단식 타이머에 대한 기능을 사용자 편의가 높도록 제공하고있어요. 다른 기능들에 대한 사용성, 더 큰 식단 데이터베이스 등 다른건 다 인아웃이 나은데 이것 때문에 필라이즈로 돌아가게 되네요 ㅠ 관리용 앱을 하나만 깔고싶은 저의 염원이 닿기를 ..! 단식 타이머 제발 개선 해주세요 ! | 아이폰에서는 잘 썻는데 갤럭시로 넘어온지 1주일... 헬스커넥트랑 연동이 안되여........ 살려내여 내 식단관리.. | 식단 관리하기 너무 좋아요 천천히 식사하는 타이머 같은 기능도 생기면 진짜 좋을 것 같아요!! | 피트니스 종사자입니다. 트레이닝 경력 13년차이며 회원들 관리에 많은 심여를 기울이고 있습니다. 인아웃은 제가 체전을 뛸 때 자유도 높은 식단구성을 하면서 기입할 게 필요하기에 사용하게 되었고, 현재는 회원들에게 추천해주고 있어서 수년간 100며믄 넘게 안내한 것 같슴다. 배틀에다가 회원 초대해서 식단 기입을 유도하긴 하는데 관리 시스템도 나오면 좋을 것 같아요. 물론 유료면 안쓸 것 같습니다. 요즘 ai로 회원 관리해주는 앱도 있어서 차라리 그쪽으로 몰려갈듯.. | 체형 관리에 훌륭합니다 | 다이어트 결심해서 앱 다운 받아봤는데 좋습니다! 매일 내가 먹은 음식, 물, 운동량, 무게를 매일 기록하다보니 더 열심히 하게 되고 뿌듯하더라고요! 특히 통계를 통해서 내가 일정기간동안 얼마나 먹고 감량했는지 한눈에 볼 수 있어 좋았습니다. 캐릭터랑 방 꾸미기도 있어 귀엽고 좋아요! 단 한 가지 아쉬운 점은.. 좀 큰 아쉬움인데 등록되지 않은 음식과 운동들이 많아서 등록하고 싶어도 안된다는 점입니다.. 요청많아서 순차적으로 처리중이라는데 이게 지금 1달 반 동안 이러고 있어서 계속 등록을 못하는 상황이라 언제쯤 등록할 수 있는건지 모르겠네요ㅠ 제가 다이어트 끝날 때에 되는건 아닌지;; 그점빼고는 전부 다 좋아서 다이어트나 건강한 식단관리하시는 분께 추천하는 앱입니다. | 다이어트 관리 | 계속 잘 사용중이었는데 요즘 계속 들어가지지 않아서 기럭을 못하는 중입니다... 관리는 못해도 기록은 꽤 열심히 하고 있었는데 언제 고쳐지나요?아예 흰바탕만 뜨고 들어가지지 않는데 | 식단 관리하기 정말 좋아요. 단, 인스타그램 처럼 사진을 크게 확대해서 볼 수 있으면 좋겠어요. 개선 부탁드립니다 ❤️🙏 | 귀여운 인터페이스에 사용방법, 나잇대별로 구분된 커뮤니티 등 특히 여성 사용자들의 구미가 상당히 당기도록 잘 만들어주신 것 같아요. 식단 기록의 경우 현재 상태에서 유저 입력 식단의 경우 관리가 꾸준히 이루어져야 하는 부분 같지만 현재까지는 꽤나 신뢰도 높게 잘 구동되는 듯 합니다. 혹시 PC 버전은 없는지, 만드실 생각은 없는지 궁금합니다. 모바일로 피드 작성하는데는 한계가 조금 있는 것 같아서요. (대나무숲 까지가 딱 모바일로 사용하기 좋은 듯 해요)",4.350810295519542,28.503336510962825,8.674928503336512
인아웃,운동,"기록, 칼로리, 식단, 다이어트, 기능, 입력, 시간, 추가","운동 기록하는 기록하기 버튼 터치 안됌 식단 기록할때도 터치 됐다 안됐다 함 | 운동 기록하기가 갑자기 안됩니다 | 운동기록하기 버튼이 아예 눌리지않으며 기록안됨 | 인아웃 너무 좋아요 다이어트를 이렇게 재밌게 할 수 있나? 싶을 정도로 도움 많이 됐어요 만들어주셔서 감사합니다.다이어트 고민 커뮤에서 나누는 거랑 피드 올리는 거, 그룹이랑 1:1 배틀로 다이어트 하는 사람들 기록 참고하면서 기록하는 거 다 너무 재밌고 그냥 좋아요 다!!!!! 그치만 애플워치로 운동 인증 사진 가끔 찍는데 운동 기록할 때 사진도 같이 넣고 싶어여 ㅠㅠ 그것빼곤 다 좋아요 62kg부터 다이어트 시작했는데 인아웃은 57? 56부터 열심히 했거든요. 현재 49까지 인아웃 없었으면 진심 살 못 뺐을 거예요 진짜로. 사랑합니다 제 목표인 45까지 함께해주세요 인아웃!!!!!! 🩷🩷🩷🩷🩷 | 앱 완벽한데 갑자기 운동 등록하기 버튼이 안 눌리네요ㅠ 수정해주세요 | 이틀전부터 운동기록이 안됩니다 개선 부탁드려요 | 어제부터 운동 시간 기록이 안됩니다 ㅠ 왜이러는걸까요……….. 다른 건 다 되는데 기록하기 자체가 안눌리네요 | 들어가자마자 나오는 첫 화면안에  식단 몸무게 운동을 다 기록하고 볼 수 있으면 좋겠어요.  몸무게 기록 하려면 쭉 내려야하고 한눈에 보이지 않아서 그 부분이 조금 아쉬워요 😭😭😭😭😭😭😭 이 앱이 디자인도 그렇고 기능들도 다이어트 기록에 정말 최적화된 앱이에요!!! 다른 앱들도 많이 써봤는데 이게 제일 좋아서 다이어트 결심할 때마다 이걸루 해요!! | 달력형태로 봤을때 다 따로보이는거 너무 불편해요 컬로리,운동,몸무게 한번에 다 보이면 좋겠어요 하나하나 클릭해서 비교하는거 너무 불편햐요 | 잘 쓰는 중인데요!! 업데이트 강제로 해야되는 것좀 선택으로 해주면 좋겠어요 너무 잦아요 두가지 1. <체중 숨기기> 모드가 있었음 합니다 토글을 누르면 내려온다던가 하는 식으로요 밖에서 뭘 먹거나 운동하고 바로 기입하는  경우가 많은데 유아이 한중간에 체중이 넘나 크게 뜨니까 밖에서 사용하기가 꺼려지고 기입 시기를 놓쳐서 기억에 의존하게 되기도 해요 2. 운동 기입 중  <웨이트> <헬스> <유산소>  이런 추상적인 카테고리도 있음 해요 특히 웨이트는 모든 세트수를 하나하나 기입하기가 좀 번거로운 경우가 많은데 (좋기도 하지만) 그래서 걍 직접 입력에서 워치 보고 쓰는데 걍 추상적 카테고리도 있음 터치로 기입하고 좋을 걱 같아요  좋은 앱 만들어주셔서 감사합니다 디자인도 넘 귀엽고 필요한 대부분 기능이 다 있어러 좋아요~ +2025 8월 추가 정기 업데이트 너무 잦아요ㅜ 꼭 핗요할때만 하면 안더ㅣ나요",4.350810295519542,28.503336510962825,8.674928503336512
인아웃,다이어트,"기록, 식단, 어플, 칼로리, 운동, 기능, 아웃, 도움","인아웃 너무 좋아요 다이어트를 이렇게 재밌게 할 수 있나? 싶을 정도로 도움 많이 됐어요 만들어주셔서 감사합니다.다이어트 고민 커뮤에서 나누는 거랑 피드 올리는 거, 그룹이랑 1:1 배틀로 다이어트 하는 사람들 기록 참고하면서 기록하는 거 다 너무 재밌고 그냥 좋아요 다!!!!! 그치만 애플워치로 운동 인증 사진 가끔 찍는데 운동 기록할 때 사진도 같이 넣고 싶어여 ㅠㅠ 그것빼곤 다 좋아요 62kg부터 다이어트 시작했는데 인아웃은 57? 56부터 열심히 했거든요. 현재 49까지 인아웃 없었으면 진심 살 못 뺐을 거예요 진짜로. 사랑합니다 제 목표인 45까지 함께해주세요 인아웃!!!!!! 🩷🩷🩷🩷🩷 | 들어가자마자 나오는 첫 화면안에  식단 몸무게 운동을 다 기록하고 볼 수 있으면 좋겠어요.  몸무게 기록 하려면 쭉 내려야하고 한눈에 보이지 않아서 그 부분이 조금 아쉬워요 😭😭😭😭😭😭😭 이 앱이 디자인도 그렇고 기능들도 다이어트 기록에 정말 최적화된 앱이에요!!! 다른 앱들도 많이 써봤는데 이게 제일 좋아서 다이어트 결심할 때마다 이걸루 해요!! | 다이어트 위해 깔아서 잘 쓰는중입니다 식단, 몸무게, 칼로리, 단식 한번에 기록 가능해서 너무 좋아요! 일기 기능이 있어서 그것도 마음에 듭니다 한가지 부탁드리고 싶은건 단식 기록 칸에 쉬움/적당/무리 체크하는것도 좋지만 한줄평 처럼 기록 할 수 있는게 있었으면 좋겠습니다!! 부탁드립니다 ㅎㅎㅎㅎ | 평소 인아웃 잘 쓰고 있는 유저인데 요즘엔 혈당 다이어트가 대세고 또 증명된 방법인데..인아웃은 혈당에 대한 기록 기능이 없는게 아쉬워요 저처럼 제2형 당뇨인 사람은 그 기록이 가능한 어플을 먼저 찾거든요 개발해주심 넘 좋을듯해요 그게 아쉬워서 별 하나 뺐어요ㅠㅠ | 안녕하세요! 저는 인아웃 어플을 매우 잘 사용하여 다이어트를 하고 있는 유저입니다! 먼저 이렇게 유용한 어플을 만들어주셔서 너무 감사드려요!!! 그런데 한가지 기능이 추가된다면 좋을 것 같아 문의드립니다. 식사시간을 기록하는 곳에 식사 시작 시간과 끝나는 시간을 둘다 기록할 수 있었으면 좋겠어요. 제가 몇분동안 식사를 했는지, 천천히 포만감을 느끼며 식사를 했는지 직관적으로 확인 가능한 데이터를 보고싶습니다. 저의 요청사항을 반영해주신다면 지금보다 훨씬 더 만족도가 높을 것 같아요!! 감사합니다🖤 | 6개월동안 다이어트 하면서 꾸준히 식단기록, 운동기록 하면서 감량추이 보기도 정말 좋았고 커뮤니티 눈팅하며 도움도 많이 받았습니다ㅎㅎ 이제 유지어터로 전향해서 어플은 꾸준히 사용할 예정인데, 여러 업데이트 다 너무 좋지만 예전처럼 한달 식단앨범 한눈에 보기가 다시 생겼으면 좋겠어요 🥲.. 지금은 일별로 보여서 한달치 모아보기가 어려운점이 조금 아쉽습니다 ㅠㅠ! | 왜 인아웃 이제야 썼을까요…!! 정말정말 너무 좋아요ㅠ 항상 다이어트 할때마다 실패하구 또 먹는걸루 스트레스 풀고 악순환만 계속 반복 되었었는데 인아웃 까니까 다이어트를 조금 더 쉅게 할수 있는거 같아요!!ㅎ 앞으로도 자주 쓸게요 좋은 앱 만들어주셔서 감사해용😍 | 진짜 앱이 넘 귀엽고 다이어트 앱인데도 너무 아기자기해요!리얼 추천 앱🩷 | 오랜만에 다시깔았는데 엄청 앱이 재밌어졌네요 ㅋㅋㅋ 즐겁게 다이어트 가보자규 | 인아웃 진짜 잘 쓰고 있습니다~!! 친구와 같이 식단과 운동 기록하며 다이어트 중인데 친구가 운동에는 사진 추가를 못 하냐고 물어보더라구요..ㅜ 저도 운동에 사진 추가 기능이 있음 좋겠다 생각했었는데 생각만 하다가 친구가 말하니 정말 있음 좋겠다 싶어 리뷰에다가 보내요~^0^",4.350810295519542,28.503336510962825,8.674928503336512
인아웃,로그인,"어플, 삭제, 구글, 카카오, 네이버, 계정, 화면, 찾기","10.10 업데이트 하고 나서 어플 들어가자마자 화면 반짝임이 심합니다 (화면이 깨진듯한 느낌으로 하얗게 반짝입니다) 로그인한지 오래되어 아이디찾기. 비번찾기 해야하는데 버튼이 죄다 먹통이에요. | 앱오류로 하라는대로 데이터삭제하고하니까 열렸어요 이전거 기록복원은 어떻게하죠? 다초기화됐는데지금 --------------------- 로그인을 다른거로한게맞네요 찾았습니다 피드백이 엄청 빨라서좋네요 빠른답변감사합니다~~ | 로그인 복잡 12세 이상인데도 불가능 진짜 그럴거면 왜 만듬? 사람들 다이어트하라고 만든건데 못하면 왜 만듬요? | 구글 로그인은 못하나요? 구글 로그인도 헤주세요ㅠㅠ | 로그인 3번, 약관동의 4번 했는데 안넘어감. | 방금 설치했는데 카카오로도 네이버로도 로그인 자체가 안되네요. 여러번 삭제했다 다시 깔았는데 안되요 | 구글 로그인이 안되네요.. 이것만 고쳐주시면 좋을거같아요! | 설치하자마자 삭제. 믿거하는 어플들의 특징 중 하나가 밑도 끝도 없는 회원가입 혹은 소셜계정 연결인데 이 어플이 그러함. 어플을 아직 입장해보지도 않았는데 대뜸 뭘 믿고 카카오, 네이버 계정을 연결하라는 건지 알 수가 없음. 로그인 없이 입장해보기 등과 같이 사용자가 그 어플의 전반적인 UI와 제공되는 서비스를 맛보기 형식으로라도 알 수 있게끔 하는 대책이 있어야 한다고 봄 | 왜 14세 미만은 안되나요..? 흑흑 카카오로 로그인하려해서 부모님 인증다 하고 했는데 인증 3번해도 계정이 안되길래 결국 네이버로 했더니 됐어요 장점은 자기가 먹은 것을 기록하고 칼로리를 알수있는게 좋은거같아요!!",4.350810295519542,28.503336510962825,8.674928503336512
인아웃,기록,"운동, 식단, 다이어트, 기능, 칼로리, 음식, 추가, 어플","운동 기록하는 기록하기 버튼 터치 안됌 식단 기록할때도 터치 됐다 안됐다 함 | 운동 기록하기가 갑자기 안됩니다 | 운동기록하기 버튼이 아예 눌리지않으며 기록안됨 | 인아웃 너무 좋아요 다이어트를 이렇게 재밌게 할 수 있나? 싶을 정도로 도움 많이 됐어요 만들어주셔서 감사합니다.다이어트 고민 커뮤에서 나누는 거랑 피드 올리는 거, 그룹이랑 1:1 배틀로 다이어트 하는 사람들 기록 참고하면서 기록하는 거 다 너무 재밌고 그냥 좋아요 다!!!!! 그치만 애플워치로 운동 인증 사진 가끔 찍는데 운동 기록할 때 사진도 같이 넣고 싶어여 ㅠㅠ 그것빼곤 다 좋아요 62kg부터 다이어트 시작했는데 인아웃은 57? 56부터 열심히 했거든요. 현재 49까지 인아웃 없었으면 진심 살 못 뺐을 거예요 진짜로. 사랑합니다 제 목표인 45까지 함께해주세요 인아웃!!!!!! 🩷🩷🩷🩷🩷 | 이틀전부터 운동기록이 안됩니다 개선 부탁드려요 | 어제부터 운동 시간 기록이 안됩니다 ㅠ 왜이러는걸까요……….. 다른 건 다 되는데 기록하기 자체가 안눌리네요 | 들어가자마자 나오는 첫 화면안에  식단 몸무게 운동을 다 기록하고 볼 수 있으면 좋겠어요.  몸무게 기록 하려면 쭉 내려야하고 한눈에 보이지 않아서 그 부분이 조금 아쉬워요 😭😭😭😭😭😭😭 이 앱이 디자인도 그렇고 기능들도 다이어트 기록에 정말 최적화된 앱이에요!!! 다른 앱들도 많이 써봤는데 이게 제일 좋아서 다이어트 결심할 때마다 이걸루 해요!! | 다이어트 위해 깔아서 잘 쓰는중입니다 식단, 몸무게, 칼로리, 단식 한번에 기록 가능해서 너무 좋아요! 일기 기능이 있어서 그것도 마음에 듭니다 한가지 부탁드리고 싶은건 단식 기록 칸에 쉬움/적당/무리 체크하는것도 좋지만 한줄평 처럼 기록 할 수 있는게 있었으면 좋겠습니다!! 부탁드립니다 ㅎㅎㅎㅎ | 평소 인아웃 잘 쓰고 있는 유저인데 요즘엔 혈당 다이어트가 대세고 또 증명된 방법인데..인아웃은 혈당에 대한 기록 기능이 없는게 아쉬워요 저처럼 제2형 당뇨인 사람은 그 기록이 가능한 어플을 먼저 찾거든요 개발해주심 넘 좋을듯해요 그게 아쉬워서 별 하나 뺐어요ㅠㅠ | 안녕하세요! 저는 인아웃 어플을 매우 잘 사용하여 다이어트를 하고 있는 유저입니다! 먼저 이렇게 유용한 어플을 만들어주셔서 너무 감사드려요!!! 그런데 한가지 기능이 추가된다면 좋을 것 같아 문의드립니다. 식사시간을 기록하는 곳에 식사 시작 시간과 끝나는 시간을 둘다 기록할 수 있었으면 좋겠어요. 제가 몇분동안 식사를 했는지, 천천히 포만감을 느끼며 식사를 했는지 직관적으로 확인 가능한 데이터를 보고싶습니다. 저의 요청사항을 반영해주신다면 지금보다 훨씬 더 만족도가 높을 것 같아요!! 감사합니다🖤",4.350810295519542,28.503336510962825,8.674928503336512
인아웃,연동,"헬스, 걸음, 삼성, 커넥트, 사용, 운동, 어플, 설정","엄청 편하고 잘 되있어요 무엇보다 귀여워서 좋아요!! 다만 아이폰 건강앱에 활동에너지는 연동이 안되는 것인가요?? 걷기 러닝같이 운동은 연동이 되는데 다른 활동(필라테스, 근력운동 등)인 활동에너지는 연동이 안되서 직접입력이 번거롭습니다 | 아이폰에서는 잘 썻는데 갤럭시로 넘어온지 1주일... 헬스커넥트랑 연동이 안되여........ 살려내여 내 식단관리.. | 삼성헬스랑 연동되었으면 좋겠습니다 | 안녕하새요! 혹 삼성헬스 음식 입력란이랑 물 섭취량이랑도 함께 연동되는지 궁금합니다 | 그지같은 헬스커넥트연동말고 다른거좀 | 헬스 커넥트 다 연동 해놔도 운동 한게 물리지 않아요 삼성은 못쓰는 건가요 권한 설정도 셋 다 해놔도 불러오질 않네요 이게 맞나요 ---------------------------- 포기 하고 그냥 이용 하다가 생각 나서 연동을 눌렀는데 드디어 데이터가 물리네요ㅠㅠ 제대로 해놓긴 했나봅니다. 혹시 안되신다면 2주를 기다려봅시다! | 헬스커넥트 계속 삭제하고 다시깔아도 걷기연동이 안되요 | 이제 연동 원활하게 됩니다!! 앱 자체도 넘 귀염 뽀짝하고 조작법도 그리 어렵지 않아서 좋아여ㅎ 무료로 이용할 수 있는게 짱 큰 메리트! 웬만한 음식은 다 있어서 기록도 편해요. 다이어트 앱은 여기로 정착합니다! | 삼성헬스 연동은 하루 정도 지나면 되네요 굿ㅋㅋㅋ 근데 기초대사량도 제가 수정할 수 있으면 좋겠어요 | 음식 고르는게다양. 근데 운동삼성헬스랑 연동이어려움잘안됨",4.350810295519542,28.503336510962825,8.674928503336512
인아웃,입력,"식단, 운동, 기록, 기능, 추가, 음식, 사용, 칼로리","잘 쓰는 중인데요!! 업데이트 강제로 해야되는 것좀 선택으로 해주면 좋겠어요 너무 잦아요 두가지 1. <체중 숨기기> 모드가 있었음 합니다 토글을 누르면 내려온다던가 하는 식으로요 밖에서 뭘 먹거나 운동하고 바로 기입하는  경우가 많은데 유아이 한중간에 체중이 넘나 크게 뜨니까 밖에서 사용하기가 꺼려지고 기입 시기를 놓쳐서 기억에 의존하게 되기도 해요 2. 운동 기입 중  <웨이트> <헬스> <유산소>  이런 추상적인 카테고리도 있음 해요 특히 웨이트는 모든 세트수를 하나하나 기입하기가 좀 번거로운 경우가 많은데 (좋기도 하지만) 그래서 걍 직접 입력에서 워치 보고 쓰는데 걍 추상적 카테고리도 있음 터치로 기입하고 좋을 걱 같아요  좋은 앱 만들어주셔서 감사합니다 디자인도 넘 귀엽고 필요한 대부분 기능이 다 있어러 좋아요~ +2025 8월 추가 정기 업데이트 너무 잦아요ㅜ 꼭 핗요할때만 하면 안더ㅣ나요 | 뭐만 입력하려고 스크롤만 내려도 튕기고 입력하다가도 튕기고 렉이 너무 심합니다 도저히 쓸 수가 없어요 ㅠ 점검 및 개선 부탁 드립니다 | 엄청 편하고 잘 되있어요 무엇보다 귀여워서 좋아요!! 다만 아이폰 건강앱에 활동에너지는 연동이 안되는 것인가요?? 걷기 러닝같이 운동은 연동이 되는데 다른 활동(필라테스, 근력운동 등)인 활동에너지는 연동이 안되서 직접입력이 번거롭습니다 | 식단등록쪽이 업데이트하고 너무 불편해졌어요 차라리 전에가 훨씬 보기도 편하고 입력하기 좋았는데 저만그런가요ㅜㅜ | 잘 쓰고 있습니다. 다만 나의활동에서 운동기록 입력할때 분단위로만 기록할수 있어서 애매하게 1시간23분 2시간25분처럼 운동하면 일일히 분으로 계산해서 입력하는게 좀 헷갈려요ㅠ '0시간 0분' 이렇게 입력할수 있도록 바꼈으면 좋겠습니다. | ui 너무 깔끔하고 귀여운 말랑이들 모을려고 열심히 식단입력하고 미션하고있네여ㅎㅎ 쓴지 6개월은 거의 다되가는데 만족하고 계속쓸거에요 여유되면 ai도 함 해보고싶고요 | 너무 좋은데 채팅이 불편해요! 키패드가 뜨면 카톡처럼 입력창이 올라와야 하는데 여기는 안올라오네요...ㅠㅠ 버그면 고쳐주시고 아직 구현 안된거면 얼른 부탁드립니다아... | 안녕하새요! 혹 삼성헬스 음식 입력란이랑 물 섭취량이랑도 함께 연동되는지 궁금합니다 | 좋은데 그룹톡에서 타자칠 때 입력창이 같이 안올라와요 갤럭시25입니다 업데이트 필요하신듯해요 그리고 그룹톡 알림이 많이 와서 해당 그룹톡을 확인하면 해당하는 알림을 자동으로 없애주는 기능을 넣어주시면 좋겠습니다. 카톡이나 디엠처럼요 + 게시판엔 남기지 않았습니다! 답변주셔서 감사합니다 | 직접등록 기능 언제 다시 오픈되나요? 신제품 등록도 하고싶고, 자유입력은 대체당이나 식이섬유, 포화지방을 못입력 하니까 불편해요",4.350810295519542,28.503336510962825,8.674928503336512
인아웃,좋겠어요,"기록, 식단, 추가, 기능, 입력, 운동, 칼로리, 몸무게","들어가자마자 나오는 첫 화면안에  식단 몸무게 운동을 다 기록하고 볼 수 있으면 좋겠어요.  몸무게 기록 하려면 쭉 내려야하고 한눈에 보이지 않아서 그 부분이 조금 아쉬워요 😭😭😭😭😭😭😭 이 앱이 디자인도 그렇고 기능들도 다이어트 기록에 정말 최적화된 앱이에요!!! 다른 앱들도 많이 써봤는데 이게 제일 좋아서 다이어트 결심할 때마다 이걸루 해요!! | 안녕하세요! 저는 인아웃 어플을 매우 잘 사용하여 다이어트를 하고 있는 유저입니다! 먼저 이렇게 유용한 어플을 만들어주셔서 너무 감사드려요!!! 그런데 한가지 기능이 추가된다면 좋을 것 같아 문의드립니다. 식사시간을 기록하는 곳에 식사 시작 시간과 끝나는 시간을 둘다 기록할 수 있었으면 좋겠어요. 제가 몇분동안 식사를 했는지, 천천히 포만감을 느끼며 식사를 했는지 직관적으로 확인 가능한 데이터를 보고싶습니다. 저의 요청사항을 반영해주신다면 지금보다 훨씬 더 만족도가 높을 것 같아요!! 감사합니다🖤 | 몸무게 쓸 때 소수점 단위까지 쓸 수 있으면 좋겠어요 70.6까진 쓸 수 있는데 70.06 이런걸 못 쓰니까 정확하게 계산이 안돼서 다른 어플 쓰고 싶을 정도입니다… 다른 건 좋아요 | 달력형태로 봤을때 다 따로보이는거 너무 불편해요 컬로리,운동,몸무게 한번에 다 보이면 좋겠어요 하나하나 클릭해서 비교하는거 너무 불편햐요 | 잘 쓰는 중인데요!! 업데이트 강제로 해야되는 것좀 선택으로 해주면 좋겠어요 너무 잦아요 두가지 1. <체중 숨기기> 모드가 있었음 합니다 토글을 누르면 내려온다던가 하는 식으로요 밖에서 뭘 먹거나 운동하고 바로 기입하는  경우가 많은데 유아이 한중간에 체중이 넘나 크게 뜨니까 밖에서 사용하기가 꺼려지고 기입 시기를 놓쳐서 기억에 의존하게 되기도 해요 2. 운동 기입 중  <웨이트> <헬스> <유산소>  이런 추상적인 카테고리도 있음 해요 특히 웨이트는 모든 세트수를 하나하나 기입하기가 좀 번거로운 경우가 많은데 (좋기도 하지만) 그래서 걍 직접 입력에서 워치 보고 쓰는데 걍 추상적 카테고리도 있음 터치로 기입하고 좋을 걱 같아요  좋은 앱 만들어주셔서 감사합니다 디자인도 넘 귀엽고 필요한 대부분 기능이 다 있어러 좋아요~ +2025 8월 추가 정기 업데이트 너무 잦아요ㅜ 꼭 핗요할때만 하면 안더ㅣ나요 | 6개월동안 다이어트 하면서 꾸준히 식단기록, 운동기록 하면서 감량추이 보기도 정말 좋았고 커뮤니티 눈팅하며 도움도 많이 받았습니다ㅎㅎ 이제 유지어터로 전향해서 어플은 꾸준히 사용할 예정인데, 여러 업데이트 다 너무 좋지만 예전처럼 한달 식단앨범 한눈에 보기가 다시 생겼으면 좋겠어요 🥲.. 지금은 일별로 보여서 한달치 모아보기가 어려운점이 조금 아쉽습니다 ㅠㅠ! | 귀여워요 완전 빠졌어요ㅋㅋㅋ 다이어트가 재밌어졌어요 근데 주간별로 먹은 탄단지 비율 볼 수 있는 기능이 있으면 좋겠어요! + 에 그러넹 감사해요!! | 눈바디 사진 올릴 때 찍어서 올리는 거 말고도 갤러리에서 사진 선택할 수 있었으먄 좋겠어요 찍어놨는데 기록하려고 보면 또 찍어야돼서 불편해요 그거 말고는 다 너무 좋아요 오래 쓸 거 같아요 | 광고도 들어갈때만 있어서 너무 좋고 진짜 다이어트 앱중에선 최고에욤 기능이 이해하기 쉽고 제일 잘되어있어요 다른 앱들은 없는 운동이나 음식도 많고 설정을 많이 하거나 튜토리얼을 읽어야 이해가 쉬운 경우가 많은데 이건 괜찮아요 근데 살빠지고 찐것을 그래프로 볼 수 있었으면 좋겠고 유료 만큼은 아니어도 도와주는 캐릭터같은것도 있었으면 좋겠어요 | 진짜 다이어트 앱 중에 가장 편하고 쓰기 좋은 앱 같아요 그리고 귀엽습니다 근데 식단의 한 끼 식사마다 코멘트 같은 걸 달 수 있으면 좋을 것 같아요 자기 식단을 보고 자기가 평가하면 생각보다 다이어트에 도움되서 추가되면 좋겠어요",4.350810295519542,28.503336510962825,8.674928503336512
인아웃,칼로리,"기록, 계산, 식단, 운동, 음식, 다이어트, 기능, 사용","다이어트 위해 깔아서 잘 쓰는중입니다 식단, 몸무게, 칼로리, 단식 한번에 기록 가능해서 너무 좋아요! 일기 기능이 있어서 그것도 마음에 듭니다 한가지 부탁드리고 싶은건 단식 기록 칸에 쉬움/적당/무리 체크하는것도 좋지만 한줄평 처럼 기록 할 수 있는게 있었으면 좋겠습니다!! 부탁드립니다 ㅎㅎㅎㅎ | 업데이트가 너무 자주 있고, 업데이트 안하면 앱 사용이 안되요.  그리고 수익성 때문에 AI코치 생기고서는 목표 몸무게나 일일 칼로리 설정도 다 없어졌어요. 이제 굳이 이 앱을 쓸 필요가 없어짐.. 광고는 더 늘고 점점 별로인 앱으로 업뎃중 | 들어갈때마다 업뎃………. 자주쓰는 메뉴는 정해져잇는데ㅠㅠ 후우  섭취칼로리 운동칼로리 한눈에 보기쉽게 구분이나 해줬으면.. | 맨 처음 설문하고 권장칼로리 정하는거 바꿀 수 없나요? 아무리 찾아도 안보여요ㅠㅠ | 영양정보 개엉망진창이에요 신고해도 바뀌는 거 전혀없고 엉터리 중복도 많아서 하나하나 칼로리 계산하고 직접 기입한다 생각해야해요 다른 어플도 이따위인가....진짜 쓸때마다 개짜증나게 만듦 지능 문제인지 숫자 기입도 제대로 못해서는 포화지방이 언제부터 지방이랑 수치가 같았냐고요 아 진짜 다이어트하면 저능해지나; | 목표칼로리가 변경됐는데 ai코치피드백이나 ai주간리포트에 변경된 목표칼로리가 반여안되있어요 | 이번업데이트 전전에는 내가 먹은 음식을 알아서 칼로리,단백질,탄수화물 등 기록할 수 있었는데 그 기능이 사라져서 아쉬워요 유저등록기능도 있긴하지만 이미 등록된 이름과 똑같다고 추가안되는것도 아쉽습니다..(어차피 저만 쓸 것이기도 하고 이미 등록된 거랑 영양표시가 달라요..) | 식단 조절하기에 이만한 어플이 없어요 그런데 불편한 점이 한 가지가 있어 요청드려요 ㅜㅜ 직접 선택해서 식단을 쓸 때 칼로리랑 탄단지 당 그램수 나트륨 함량 적을때, 나트륨을 한번에 999까지밖에 작성하지 못하는게 불편해요 한번에 나트륨 1000이 넘는 식단을 섭취할 때 작성하기 불편해서 이런거 바꿔주시면 좋을 것 같아여ㅜㅜ | 답변보고 지난 리뷰에 추가해서 씁니다 오늘 식단 기능은 알고 있지만 식품별 칼로리가 표시되지 않아서 잘 쓰지 않고 있습니다. 하단 배너가 고정되거나 끌 수 있으면 좋겠어요. ----------------- 이전 리뷰 앱은 잘 쓰고 있는데 이번 업데이트에서 한 끼 레이아웃 수정한 게 불편합니다 ㅠㅠ 스크롤 캡쳐로 전체 메뉴 저장하고 있는데 총량이 아래에 하얀 배너로 뜨면서 중간 메뉴가 가려져요. 이 배너 위치를 고정시키거나, x버튼을 만들어주셨으면 합니다. | 너무너무 잘 쓰고 있었는데요... 오늘 업데이트 하고 나니 칼로리 입력하는 칸에서 음식 먹은 리스트랑 총 칼로리, 탄단지 이게 한 화면에 안 띄워지네요 칼로리 표시한 칸이 자꾸 밑으로 내려가요ㅠㅠ 피티쌤한테 뭐 먹었는지, 얼마나 먹었는지 식단 보고해야 하는데... 난감해졌어요 ㅜ",4.350810295519542,28.503336510962825,8.674928503336512
필라이즈,식단,"관리, 기록, 사용, 운동, 필라, 이즈, 칼로리, 어플","생각보다 유용해요 식단 생리일정 등등..섬세하네요 | 필라이즈 앱은 AI를 기반으로 개인의 건강 상태와 영양 균형을 분석해 맞춤형 영양제를 추천해주는 점이 매우 인상적입니다. 복용 중인 영양제를 등록하면 중복 성분이나 과다 섭취 위험을 자동으로 알려줘 건강 관리가 훨씬 체계적으로 이루어집니다. 식단 기록과 분석 기능도 꼼꼼하고, 일일 피드백을 통해 꾸준한 관리 습관을 잡는 데 도움이 됩니다. 다만 일부 기능이 유료로 전환된 점은 아쉽지만 전반적으로 만족도가 높은 앱입니다. | 다이어트는 식단이 제일 중요하다고 하는데 식단을 신경 쓰니 음식도 신경 써서 먹게 되고 하루 칼로리랑 혈당도 알려줘서 유용하게 사용하고 있습니다 | 학생이고 요즘 소화 관련해서 알 수 없는 문제가 있기도 하고요 에너지가 금방금방 닳아요 근데 이 앱을 쓰고 나서는 어느정도 식습관도 잡히고 제가 또 특정 날마다 과식하는 안 좋은 습관도 있었는데 그 습관도 필라이즈에서 많이 먹었는지, 적게 먹었는지 체크해주니까 스스로 아, 그만 먹어야겠다하면서 고쳐지는 것 같아서 큰 도움을 받았습니다 특히나 운동한 것도 표시해주니까 과식해도 좀 죄책감을 덜어주는 것 같았어요ㅎㅎ 또 탄단지 비율이라던가 식이섬유가 낮은지 높은지 등등 영양소 측면에서도 꼼꼼하게 검사하니까 저에게 부족한 영양소가 뭔지, 이때까지 몸이 왜 이상했는지 등등을 알게 되더라고요 어느날은 제 아침식단이 탄수화물이 너무너무 많다는 걸 알게 됐고, 며칠 뒤 탄단지 비율이 잘 잡혀져있는 식단으로 평가받은 식단으로 먹으니까 확실히 뿌듯하고 도움이 크게 되기도 했습니다 살을 뺀다는 목적 말고도 살을찌운다, 위 컨디션을 관리해야한다 등 여러 이유로 접근할 수 있는 앱이니 다들 해보시길 바라용 후회는 없습니다 | 코치도 잘해주고 동기부여도 자동인데 앱끼리 연동이 너무 좋네요 요즘 건강 관리하려고 필라이즈 써보고 있는데 진짜 편해요🩵 영양제 뭐 먹는지 넣어두면 조합 분석도 해주고, 부족한 영양소 알려주는 게 신기해요. 식단도 사진 찍으면 자동으로 인식돼서 기록하기 귀찮지 않아요! 앱 디자인도 깔끔해서 보기 좋고, 알림 덕분에 영양제 안 까먹고 챙겨먹게 됨ㅎㅎ 처음엔 기능 많아서 살짝 복잡했는데 익숙해지니까 완전 유용해요👏🏻 | 처음 써보는데 기록도 편하고 자료랑 달라도 수정도 편하고 조언도 해주고 식단 운동 너무 편하게 쓸수 있게 만들어져있어 너무 좋습니다 | 다이어트를 하는건 아니고 영양가잇게 건강히 먹고 싶어서 식단 기록을 하는데, 각종 비타민, 무기질 등도 기록되어서 섭취량을 확인할 수 있어 좋습니다. 어떤 영양소가 부족한지 보고, 채우고 싶어서 맞춰서 음식을 먹으려고 하게 되어 좋아요. | 식단 기록하는 게 넘 편합니다 | 필라이즈를 알고 난 뒤 다이어트가 쉬워졌어요 다이어트에 가장 중요한건 바로 식단인데 식단을 사진찍으면 알아서 등록이 되고 또 휴대폰 워치 운동 앱과 연동 되어 간편해요 알람설정도 되어있어 편하답니다 | 평소 다이어트하려고 이 어플 저 어플 안써본 어플이 없는 사람인데요, 필라이즈는 제가 써본 어플 중 가장 직관적이고, 식단관리에 제일 최적화된 어플이라고 생각합니다! 1.사진 찍으면 음식인식해서 칼로리를 자동계산해줌 2. 단식버튼 누르면 자동으로 단식시간 계산 3. 먹는 음식을 탄수화물,단백질,식이섬유로 몇퍼센트씩 먹었는지 한눈에 그래프로 보여줌 4. 목표 체중에 맞는 칼로리양 설정해줘서 체중관리에 맞는 칼로리 섭취 가능 5. 나에게 맞는 영양제 추천 이렇게 디테일한 식단관리 어플은 처음 봐요!! 다른 어플 먼저 쓰다가 필라이즈 쓰자마자 바로 이 어플에 정착해서 벌써 1년 이상 사용중입니다! 체중관리 및 건강한 라이프 스타일을 갖고 싶으신 분이시라면 꼭 한번 써보시길 진심으로 추천드려요!! 정말 너무 만족합니다👍🏻",4.497616777883699,34.31839847473784,4.7664442326024785
필라이즈,관리,"식단, 건강, 사용, 필라, 이즈, 양제, 운동, 기록","편하게 관리하고 조언도 해줘서 너무 좋아요 | 요즘 운동하며 몸 관리하고 있답니다 웬만한 시중 음식들 모두 검색 가능하고 자동 계산되니 너무 편해요^^* | 필라이즈 앱은 AI를 기반으로 개인의 건강 상태와 영양 균형을 분석해 맞춤형 영양제를 추천해주는 점이 매우 인상적입니다. 복용 중인 영양제를 등록하면 중복 성분이나 과다 섭취 위험을 자동으로 알려줘 건강 관리가 훨씬 체계적으로 이루어집니다. 식단 기록과 분석 기능도 꼼꼼하고, 일일 피드백을 통해 꾸준한 관리 습관을 잡는 데 도움이 됩니다. 다만 일부 기능이 유료로 전환된 점은 아쉽지만 전반적으로 만족도가 높은 앱입니다. | 이 앱을 사용하기 시작한지 얼마 안되엇는데 자세히 꼼꼼하게 관리 해주니까 안심하고 사용해요 | 학생이고 요즘 소화 관련해서 알 수 없는 문제가 있기도 하고요 에너지가 금방금방 닳아요 근데 이 앱을 쓰고 나서는 어느정도 식습관도 잡히고 제가 또 특정 날마다 과식하는 안 좋은 습관도 있었는데 그 습관도 필라이즈에서 많이 먹었는지, 적게 먹었는지 체크해주니까 스스로 아, 그만 먹어야겠다하면서 고쳐지는 것 같아서 큰 도움을 받았습니다 특히나 운동한 것도 표시해주니까 과식해도 좀 죄책감을 덜어주는 것 같았어요ㅎㅎ 또 탄단지 비율이라던가 식이섬유가 낮은지 높은지 등등 영양소 측면에서도 꼼꼼하게 검사하니까 저에게 부족한 영양소가 뭔지, 이때까지 몸이 왜 이상했는지 등등을 알게 되더라고요 어느날은 제 아침식단이 탄수화물이 너무너무 많다는 걸 알게 됐고, 며칠 뒤 탄단지 비율이 잘 잡혀져있는 식단으로 평가받은 식단으로 먹으니까 확실히 뿌듯하고 도움이 크게 되기도 했습니다 살을 뺀다는 목적 말고도 살을찌운다, 위 컨디션을 관리해야한다 등 여러 이유로 접근할 수 있는 앱이니 다들 해보시길 바라용 후회는 없습니다 | 코치도 잘해주고 동기부여도 자동인데 앱끼리 연동이 너무 좋네요 요즘 건강 관리하려고 필라이즈 써보고 있는데 진짜 편해요🩵 영양제 뭐 먹는지 넣어두면 조합 분석도 해주고, 부족한 영양소 알려주는 게 신기해요. 식단도 사진 찍으면 자동으로 인식돼서 기록하기 귀찮지 않아요! 앱 디자인도 깔끔해서 보기 좋고, 알림 덕분에 영양제 안 까먹고 챙겨먹게 됨ㅎㅎ 처음엔 기능 많아서 살짝 복잡했는데 익숙해지니까 완전 유용해요👏🏻 | 평소 다이어트하려고 이 어플 저 어플 안써본 어플이 없는 사람인데요, 필라이즈는 제가 써본 어플 중 가장 직관적이고, 식단관리에 제일 최적화된 어플이라고 생각합니다! 1.사진 찍으면 음식인식해서 칼로리를 자동계산해줌 2. 단식버튼 누르면 자동으로 단식시간 계산 3. 먹는 음식을 탄수화물,단백질,식이섬유로 몇퍼센트씩 먹었는지 한눈에 그래프로 보여줌 4. 목표 체중에 맞는 칼로리양 설정해줘서 체중관리에 맞는 칼로리 섭취 가능 5. 나에게 맞는 영양제 추천 이렇게 디테일한 식단관리 어플은 처음 봐요!! 다른 어플 먼저 쓰다가 필라이즈 쓰자마자 바로 이 어플에 정착해서 벌써 1년 이상 사용중입니다! 체중관리 및 건강한 라이프 스타일을 갖고 싶으신 분이시라면 꼭 한번 써보시길 진심으로 추천드려요!! 정말 너무 만족합니다👍🏻 | 헬스하면서 벌크업 & 뱃살 커팅 목적으로 식단관리 칼로리 계산 영양 균형 맞추려고 이것저것 해봤지만 이게 최고네요 사진 찍어 올려도 분석해주고 아무쪼록 칼로리 맞춰 먹기가 쉽지 않은데 매일매일 필요한 칼로리랑 탄단지 비율까지 매번 알 수 있어 가려서 먹기도 좋고 다른거 보지말고 이거만 하면 됩니다 최고에요 | 관리하기 편하고 조아요 | 식단관리를 시작했는데 영양소를 얼마나 섭취했는지 얼마나 먹었는지 사진만 찍어도 알아서 계산해주니 복잡하게 다이어트할 일도 없고 너무 편해요:)  덕분에 다이어트가 좀 수월할거같아요!!!",4.497616777883699,34.31839847473784,4.7664442326024785
필라이즈,운동,"식단, 기록, 관리, 사용, 칼로리, 필라, 이즈, 건강","요즘 운동하며 몸 관리하고 있답니다 웬만한 시중 음식들 모두 검색 가능하고 자동 계산되니 너무 편해요^^* | 학생이고 요즘 소화 관련해서 알 수 없는 문제가 있기도 하고요 에너지가 금방금방 닳아요 근데 이 앱을 쓰고 나서는 어느정도 식습관도 잡히고 제가 또 특정 날마다 과식하는 안 좋은 습관도 있었는데 그 습관도 필라이즈에서 많이 먹었는지, 적게 먹었는지 체크해주니까 스스로 아, 그만 먹어야겠다하면서 고쳐지는 것 같아서 큰 도움을 받았습니다 특히나 운동한 것도 표시해주니까 과식해도 좀 죄책감을 덜어주는 것 같았어요ㅎㅎ 또 탄단지 비율이라던가 식이섬유가 낮은지 높은지 등등 영양소 측면에서도 꼼꼼하게 검사하니까 저에게 부족한 영양소가 뭔지, 이때까지 몸이 왜 이상했는지 등등을 알게 되더라고요 어느날은 제 아침식단이 탄수화물이 너무너무 많다는 걸 알게 됐고, 며칠 뒤 탄단지 비율이 잘 잡혀져있는 식단으로 평가받은 식단으로 먹으니까 확실히 뿌듯하고 도움이 크게 되기도 했습니다 살을 뺀다는 목적 말고도 살을찌운다, 위 컨디션을 관리해야한다 등 여러 이유로 접근할 수 있는 앱이니 다들 해보시길 바라용 후회는 없습니다 | 처음 써보는데 기록도 편하고 자료랑 달라도 수정도 편하고 조언도 해주고 식단 운동 너무 편하게 쓸수 있게 만들어져있어 너무 좋습니다 | 필라이즈를 알고 난 뒤 다이어트가 쉬워졌어요 다이어트에 가장 중요한건 바로 식단인데 식단을 사진찍으면 알아서 등록이 되고 또 휴대폰 워치 운동 앱과 연동 되어 간편해요 알람설정도 되어있어 편하답니다 | 운동 기록 연동된것도 수정, 삭제 되면 좋겠어요! | 애플 건강앱과 연동도 되니 운동도 기록되고 관리하게 되어서 좋아요^^ | 필라이즈는 개인 맞춤 영양제 추천 기능이 매우 강력한 건강관리 앱입니다. 건강검진 기록과 현재 건강 상태를 연동하면 AI가 나에게 부족한 성분과 적절한 제품을 추천해주고, 다른 사용자들의 후기도 볼 수 있어 영양제 선택에 큰 도움이 됩니다. 식단 기록과 운동 관리 기능도 있어 종합적인 건강관리가 가능합니다. 다만, 일부 유용한 기능이 유료로 전환된 점과 식단 추천이 다소 아쉽다는 의견도 있습니다. 하지만 영양제 관리가 막막했던 분들에게는 최고의 가이드가 될 것입니다. | 검색해서 기록하는게 생각보다 잘되어있어 편하고 운동기록과 만보기도 연동되서 좋아요 | 일단 코치들이 전부 좋고 T코치는 엄청 극단적일 줄 알았는게 진짜 극단적이였고 ㅋㅋㅋ 하지만 귀여운 면도 있어서 놀람 이런 앱을 쓰면서 다이어트 하니깐 운동도 더 많이 하게 되는것 같고 내가 얼마나 운동ㄹ 했는지, 얼마나 먹었는지 알 수 있어서 너무 좋았다 ㅋㅋ | 6월 21일~현재 [[ 약 4개월 ]] 160cm에 53kg→161cm에 44kg [[ 9kg 감량 ]] 진짜 너무너무 고마운 앱이에요ㅠㅠ 처음 기록 했을 때 충격받았던 게 제가 고칼로리,고당,고지방,고나트륨 위주로 먹고 있었더라구요...적정 칼로리는 1200kcal인데 1500~2000kcal 이상으로 먹으니까 당연히 살이 안 빠질 수밖에.... 지금은 800~900kcal 정도로 조절해서 먹고 있어요. 다이어트는 식단이 거의 8할! 운동도 꼭! 인스타 광고 보고 혹시나 하는 마음에 깔아봤는데 기록하기 편한 UI에다가 내가 뭘 잘못 먹고 있는지 한눈에 보여주고 체중 변화 그래프로 동기부여도 많이 받아요 무료로도 기본 기능은 충분히 사용할 수 있어요 ※ 광고가 좀 많고 유료 결제 유도가 자주 나오고 무료 사용자한테 프리미엄 기능을 너무 자주 권유하는 느낌이라 별로예요. 음식 종류 대폭 추가해주고 광고 빈도 줄이고 무료 기능 조금 더 확대해주세요. 모두 다이어트 성공하세요🍀",4.497616777883699,34.31839847473784,4.7664442326024785
필라이즈,다이어트,"식단, 관리, 어플, 사용, 필라, 이즈, 기록, 칼로리","다이어트에 도움 많이 됨👍 | 제가 다이어트 기록하려구 필라이즈를 깔았는데 넘 도움이 됏어요 | 세세하게 나와있어서 다이어트 할 때 편해요-!! | 다이어트한다고 이것저것 어플 많이쓰는데 이게 여러군데로 나눠져있으니까 기록하는게 일이되는데 이거는 어플안에 내기 원하는 메뉴들이 다 있어서 대만족!!!🫶 | 다이어트는 식단이 제일 중요하다고 하는데 식단을 신경 쓰니 음식도 신경 써서 먹게 되고 하루 칼로리랑 혈당도 알려줘서 유용하게 사용하고 있습니다 | 다이어트를 하는건 아니고 영양가잇게 건강히 먹고 싶어서 식단 기록을 하는데, 각종 비타민, 무기질 등도 기록되어서 섭취량을 확인할 수 있어 좋습니다. 어떤 영양소가 부족한지 보고, 채우고 싶어서 맞춰서 음식을 먹으려고 하게 되어 좋아요. | 어떻게 먹어야하는 지 잘 알려줘서 다이어트하기 더 편리한 것 같아요 | 필라이즈를 알고 난 뒤 다이어트가 쉬워졌어요 다이어트에 가장 중요한건 바로 식단인데 식단을 사진찍으면 알아서 등록이 되고 또 휴대폰 워치 운동 앱과 연동 되어 간편해요 알람설정도 되어있어 편하답니다 | 평소 다이어트하려고 이 어플 저 어플 안써본 어플이 없는 사람인데요, 필라이즈는 제가 써본 어플 중 가장 직관적이고, 식단관리에 제일 최적화된 어플이라고 생각합니다! 1.사진 찍으면 음식인식해서 칼로리를 자동계산해줌 2. 단식버튼 누르면 자동으로 단식시간 계산 3. 먹는 음식을 탄수화물,단백질,식이섬유로 몇퍼센트씩 먹었는지 한눈에 그래프로 보여줌 4. 목표 체중에 맞는 칼로리양 설정해줘서 체중관리에 맞는 칼로리 섭취 가능 5. 나에게 맞는 영양제 추천 이렇게 디테일한 식단관리 어플은 처음 봐요!! 다른 어플 먼저 쓰다가 필라이즈 쓰자마자 바로 이 어플에 정착해서 벌써 1년 이상 사용중입니다! 체중관리 및 건강한 라이프 스타일을 갖고 싶으신 분이시라면 꼭 한번 써보시길 진심으로 추천드려요!! 정말 너무 만족합니다👍🏻 | 다이어트하고싶엇늗데 딱임!!",4.497616777883699,34.31839847473784,4.7664442326024785
필라이즈,로그인,"연동, 기록, 식사, 헬스, 사진, 연결, 걸음, 특화된","1)식사를 사진으로 기록하는게 좋은데 그 기록이 삼성헬스로 연동되는줄 알고 연결 눌렀더니, 걸음수 등 이미 다른앱이 더 특화된 정보가 넘어가더라구요. 식단기록에 특화됐다면 식사 데이터가 연동되는게 콜라보효과를 볼 것 같습니다 2) 새로 접속할 때마다 로그인이 풀려있고, 삼성 헬스 연동도 해놨는데 다시 버튼이 활성화 되어있네요(연동 안되있는 초기화면처럼) 오류인것 같으니 체크부탁드려요 | 로그인이 안 됨 | 업데이트 이후 로그인이 풀리고 로그인이 안되네요?",4.497616777883699,34.31839847473784,4.7664442326024785
필라이즈,기록,"식단, 운동, 관리, 사용, 건강, 기능, 필라, 이즈","제가 다이어트 기록하려구 필라이즈를 깔았는데 넘 도움이 됏어요 | 화장실 기록도 추가 되면 좋을 듯 | 필라이즈 앱은 AI를 기반으로 개인의 건강 상태와 영양 균형을 분석해 맞춤형 영양제를 추천해주는 점이 매우 인상적입니다. 복용 중인 영양제를 등록하면 중복 성분이나 과다 섭취 위험을 자동으로 알려줘 건강 관리가 훨씬 체계적으로 이루어집니다. 식단 기록과 분석 기능도 꼼꼼하고, 일일 피드백을 통해 꾸준한 관리 습관을 잡는 데 도움이 됩니다. 다만 일부 기능이 유료로 전환된 점은 아쉽지만 전반적으로 만족도가 높은 앱입니다. | 기록하다보니 칼로리조절이 좀 되는것 같아요 전에 쓰다가 지웠는데 다시 써보니 에이아이기능이 넘 좋더라구요 대화도 유익하고 도움이 되요 개인트레이너같아요 | 다이어트한다고 이것저것 어플 많이쓰는데 이게 여러군데로 나눠져있으니까 기록하는게 일이되는데 이거는 어플안에 내기 원하는 메뉴들이 다 있어서 대만족!!!🫶 | 코치도 잘해주고 동기부여도 자동인데 앱끼리 연동이 너무 좋네요 요즘 건강 관리하려고 필라이즈 써보고 있는데 진짜 편해요🩵 영양제 뭐 먹는지 넣어두면 조합 분석도 해주고, 부족한 영양소 알려주는 게 신기해요. 식단도 사진 찍으면 자동으로 인식돼서 기록하기 귀찮지 않아요! 앱 디자인도 깔끔해서 보기 좋고, 알림 덕분에 영양제 안 까먹고 챙겨먹게 됨ㅎㅎ 처음엔 기능 많아서 살짝 복잡했는데 익숙해지니까 완전 유용해요👏🏻 | 처음 써보는데 기록도 편하고 자료랑 달라도 수정도 편하고 조언도 해주고 식단 운동 너무 편하게 쓸수 있게 만들어져있어 너무 좋습니다 | 다이어트를 하는건 아니고 영양가잇게 건강히 먹고 싶어서 식단 기록을 하는데, 각종 비타민, 무기질 등도 기록되어서 섭취량을 확인할 수 있어 좋습니다. 어떤 영양소가 부족한지 보고, 채우고 싶어서 맞춰서 음식을 먹으려고 하게 되어 좋아요. | 식단 기록하는 게 넘 편합니다 | 어플 추천해요 기록하는것도 편하고 정보도 많어요",4.497616777883699,34.31839847473784,4.7664442326024785
필라이즈,연동,"기록, 운동, 식단, 관리, 헬스, 삼성, 어플, 사용","코치도 잘해주고 동기부여도 자동인데 앱끼리 연동이 너무 좋네요 요즘 건강 관리하려고 필라이즈 써보고 있는데 진짜 편해요🩵 영양제 뭐 먹는지 넣어두면 조합 분석도 해주고, 부족한 영양소 알려주는 게 신기해요. 식단도 사진 찍으면 자동으로 인식돼서 기록하기 귀찮지 않아요! 앱 디자인도 깔끔해서 보기 좋고, 알림 덕분에 영양제 안 까먹고 챙겨먹게 됨ㅎㅎ 처음엔 기능 많아서 살짝 복잡했는데 익숙해지니까 완전 유용해요👏🏻 | 필라이즈를 알고 난 뒤 다이어트가 쉬워졌어요 다이어트에 가장 중요한건 바로 식단인데 식단을 사진찍으면 알아서 등록이 되고 또 휴대폰 워치 운동 앱과 연동 되어 간편해요 알람설정도 되어있어 편하답니다 | 운동 기록 연동된것도 수정, 삭제 되면 좋겠어요! | 애플 건강앱과 연동도 되니 운동도 기록되고 관리하게 되어서 좋아요^^ | 필라이즈는 개인 맞춤 영양제 추천 기능이 매우 강력한 건강관리 앱입니다. 건강검진 기록과 현재 건강 상태를 연동하면 AI가 나에게 부족한 성분과 적절한 제품을 추천해주고, 다른 사용자들의 후기도 볼 수 있어 영양제 선택에 큰 도움이 됩니다. 식단 기록과 운동 관리 기능도 있어 종합적인 건강관리가 가능합니다. 다만, 일부 유용한 기능이 유료로 전환된 점과 식단 추천이 다소 아쉽다는 의견도 있습니다. 하지만 영양제 관리가 막막했던 분들에게는 최고의 가이드가 될 것입니다. | 검색해서 기록하는게 생각보다 잘되어있어 편하고 운동기록과 만보기도 연동되서 좋아요 | 종합적으로 건강관리 받는 느낌이에요 그런데 삼성헬스 연동이 잘 안됨 | 일단 칼로리를 대략적으로 파악하니까, 절제할 수 있고, 운동앱과 연동이 되니까 하루 소모 칼로리도 대략적으로 파악할 수 있어서 건강관리에 도움이 된다. 아직 유료로 하는 것들은 사용해보진 않았지만, 조금 더 사용후에 사용해볼 예정이다 | 인바디랑 연동해서 같이 쓰는데 측정하고 나면 업데이트하고 체중은 또 입력해 줘야합니다.. 그리고 식단 기록할때 사진찍고 나면 음식명이 다른 걸로 바껴서 쌩뚱맞은 음식으로 변할때가 있어요.. 그래서 일일이 수정 해야 하는 게 좀 귀찮네요.. 그리고 양을 기록하는데 좀 더 세부적인 기능이 있었음 좋겠어요... 그리고 필요한 영양제 찾아볼 때 자주 봐요.. 내한테 필요한 성분과 리뷰 보기도 넘 좋아요^^ | 어머니가 당뇨 관리를 전혀 안 하셔서 결국 고지혈증과 고혈압까지 오고, 뇌경색 초기 진단까지 받으셨습니다. 정말 다행히 큰 위기는 피했지만, 그때부터 제가 직접 챙겨드려야겠다는 생각이 들었어요. 그렇게 알아보다가 필라이즈와 케어센스를 연동해서 사용하는 방법을 알게 되었고, 어머니께 착용도 시켜드리고 저도 미리 관리 차원에서 같이 시작하게 됐습니다. 실시간 혈당 관리와 피드백이 가능하고, 사진을 등록하면 음식이 나에게 맞는지 체크까지 해주니 정말 편리하더라고요. 이제 사용한 지 2주 정도 됐는데, 혈당 관리만 했는데도 체중이 조금 줄었고, 어머니도 점점 건강 상태가 좋아지고 계십니다. 사실 이런 후기를 잘 안 남기는데, 직접 써보니 너무 좋아서 추천드리고 싶네요. 비용이 조금 부담되긴 하지만 건강을 위해서는 강추",4.497616777883699,34.31839847473784,4.7664442326024785
필라이즈,입력,"식단, 음식, 사용, 기록, 기능, 양제, 등록, 칼로리","친구랑 같이 할 수 있어서 동기부여도 되고 너무 좋은 것 같아요!! ❤️ 특히 이번에 원하는대로 코치 설정도 할 수 있어 더욱 재밌게 궁금한 점 질문하고 있습니다!! 이미 너무 잘 쓰고 있는 앱이지만, 식단 입력하고 수정할때마다 피드백이 와서.. 식단 임시 저장 기능이 있으면 좋을 것 같아요. 탄단지 잘 맞췄는지 확인하려면 기록 확인을 해보고 계속 수정해야하거든요 ㅜㅜ 그리고 치팅데이를 따로 설정하는 기능이 있는 것도 좋을 것 같습니다! 식단 점수 특성상 칼로리 섭취가 낮더라도 탄단지만 맞으면 점수가 높아져 강박적으로 식단을 조절하게 되더라구요.. 치팅데이에도 조금 줄여서 입력하게 되는 것 같기도 하구요 ㅜㅜ 치팅데이를 따로 설정하여 해당 날짜의 식단 점수를 가리는 등의 기능이 추가되면 오히려 치팅 할때도 끼니를 양심적으로 입력할 수 있을 것 같습니당!! 😋 앱 너무 잘쓰고 있어요~ ☺️☺️ | 인스타 광고보고 깔아봤는데 식단 입력하면 어떤게 부족한지 다음 식사에 추가하면 좋은걸 AI가 추천해줘서 관리받는거 같고 좋아요.단식 시간도 설정 할 수 있어서 더 참아 볼 수 있는거같아요! | 인바디랑 연동해서 같이 쓰는데 측정하고 나면 업데이트하고 체중은 또 입력해 줘야합니다.. 그리고 식단 기록할때 사진찍고 나면 음식명이 다른 걸로 바껴서 쌩뚱맞은 음식으로 변할때가 있어요.. 그래서 일일이 수정 해야 하는 게 좀 귀찮네요.. 그리고 양을 기록하는데 좀 더 세부적인 기능이 있었음 좋겠어요... 그리고 필요한 영양제 찾아볼 때 자주 봐요.. 내한테 필요한 성분과 리뷰 보기도 넘 좋아요^^ | 친구가 추천해준 필라이즈로 3일 무료체험을 하다 완전 마음이 뺏겨 2틀만에 연간회원이 되었어요. 일단 다이어터로 마음을 굳게 먹고 시작하던중. 혼자 식단기록을 수기로 하다~ 필라이즈로 식단사진. 칼로리. 혈당 스파이크 확인. 몸무게. 운동량. 물섭취. 생리주기.영양제섭취 등~ 아주 쉬운 체크방법으로~ 다이어터에겐 필수 항목들을 AI 코치가 즉시 체크해주니 너무 재미있습니다.특히 AI 코치가 브라이언이나 김연경 셀럽코치로도 만날수 있었고. 내가 꾸민 나만의 코치로 남편을 입력.남편에게 듣고싶은 스타일로 입력하니 그대로 코치해주는 게 너무 재미있습니다. 매일 체크하며 나만의 루틴을 만들고. 어제보다 건강해지고. 관리하는 내자신이 너무 대견하다는것을 눈에 보이는 데이타와 AI 코치들 덕분에 힘이 나 열심히 다이어트 중입니다!! 유료결제가 전혀 아깝지 않은 앱은 진짜 오랫만입니다!! 1년간 열심히 관리받고 꿈의 몸무게에 도전하겠습니다!! 필라이즈야!! 싸랑한다!!! 넌 진짜 감동이야!! | 단식과 식단 관리를 위해 다이어트앱 몇개 추천 받아 써 봤어요. 결과적으로는 이 앱 빼고는 다 지웠어요. 사진으로 찍어서 영양성분 분석 해주는 거랑 단식 시간 측정하는 기능을 원했고 이에 가장 부합하는 앱이어서요. 거의 정확히 사진 찍은 음식을 확정해내고요. 아직 양이나 세부 종류를 입력하는 면에서 디테일이 좀 떨어져 직접 등록하거나 수정을 해야하지만, 점점 더 좋아지는 앱이 될 수 있을 것 같아요. 잘 쓸게요. | ui편하고 내용입력하면 알아서 피드백도 주고 목표달성에 도움이되네요 | ai 채팅은 좀 딴말을 하긴하는데 음식입력하면 식단 점수도 알려주고 예상 혈당치도 알려줘서 너무 좋아요~! | 생리주기도 입력가능하고 단식타이머도 있고 너무좋네요!!! AI PT쌤이 진짜 잘가르쳐주셔용 | UI도 예쁘고 직관적이라 어려움없이 잘 쓰고있습니다. 광고도 거슬리지 않을 정도구요! 근데 남은 칼로리랑 영양 계산해서 다음 식사 제안해주는 기능도 있으면 너무 좋을 것 같아요. 다음 식사 전에 꼭 미리 입력해서 확인하고 먹는데 귀찮더라구요!ㅠㅠ | 다이어트 식단 앱 여러가지 사용해봤는데 필라이즈만큼 한눈에 들어오고 사용하기 편리한 앱은 없었던거 같네요. 바코드 입력으로 되는 기능도 추가되면 좋겠어요.",4.497616777883699,34.31839847473784,4.7664442326024785
필라이즈,좋겠어요,"식단, 기록, 사용, 양제, 입력, 기능, 운동, 등록","운동 기록 연동된것도 수정, 삭제 되면 좋겠어요! | 영양제 맞춤 분석을 해주니 좋아요 아이것도 같이 분석 할 수 있게 추가 가능하면 좋겠어요 | 인바디랑 연동해서 같이 쓰는데 측정하고 나면 업데이트하고 체중은 또 입력해 줘야합니다.. 그리고 식단 기록할때 사진찍고 나면 음식명이 다른 걸로 바껴서 쌩뚱맞은 음식으로 변할때가 있어요.. 그래서 일일이 수정 해야 하는 게 좀 귀찮네요.. 그리고 양을 기록하는데 좀 더 세부적인 기능이 있었음 좋겠어요... 그리고 필요한 영양제 찾아볼 때 자주 봐요.. 내한테 필요한 성분과 리뷰 보기도 넘 좋아요^^ | 식단외에도 운동 기타등등 모두 통계모드에서 일주일 평균으로 볼수있었으면 좋겠어요 | 사용중인데 사진으로 식단 작성할 수 있어 너무 편리해요. 더 좋은 기능들이 추가되면 좋겠어요 | 일단 AI한테 도움받을 수 있다는게 너무 큰 메리트고 다른 다이어트 어플과 차별화된 방식이라고 생각해서 좋아요 현재 구독중인데 AI 캐릭터도 넘 귀엽구 만족하면서 사용하고 있습니다. 딱 하나 아쉬운점은 식단 데이터만 좀 더 늘어나면 좋겠어요~ | 사용중이에요 기능이 좋아요👍 다만 메뉴의 조각 , 반컵 등..이렇게 단위가 작은게 더 많았으면 좋겠어요 | 다이어트 식단 앱 여러가지 사용해봤는데 필라이즈만큼 한눈에 들어오고 사용하기 편리한 앱은 없었던거 같네요. 바코드 입력으로 되는 기능도 추가되면 좋겠어요. | 아직 써보는 중입니다. 다만 기왕 삼성 헬스와 연동되는거, 헬스에서 실시간으로 물을 마시거나 식단을 기록하면 필라이즈 어플에도 바로 연동 되었으면 좋겠어요. 그리고 같이 배송오는 패치가 부착력이 너무 약한거 같아요 ㅠㅠ 제가 센서를 잘못 넣은 탓도 있겠지만, 부착한지 하루만에 샤워하다 떨어졌어요... | 삼성헬스나 인바디어플 연동할 수 있어서 좋고 식단.운동기록하기 편해요 특히 영양제같은거 알림이오니까 챙겨먹기쉬워서 가장 좋아요! 식단 넣을때 최대한 많은 음식에대한 영양성분이 좀 더 생기면 좋겠어요~",4.497616777883699,34.31839847473784,4.7664442326024785
필라이즈,칼로리,"식단, 기록, 관리, 음식, 계산, 어플, 사용, 운동","완전 좋아요 칼로리도 딱딱 조이니까 편합니다 | 기록하다보니 칼로리조절이 좀 되는것 같아요 전에 쓰다가 지웠는데 다시 써보니 에이아이기능이 넘 좋더라구요 대화도 유익하고 도움이 되요 개인트레이너같아요 | 음식 그람수에 칼로리 다 나오고 완벽한 앱이 될수 있겠네요!! | 다이어트는 식단이 제일 중요하다고 하는데 식단을 신경 쓰니 음식도 신경 써서 먹게 되고 하루 칼로리랑 혈당도 알려줘서 유용하게 사용하고 있습니다 | 평소 다이어트하려고 이 어플 저 어플 안써본 어플이 없는 사람인데요, 필라이즈는 제가 써본 어플 중 가장 직관적이고, 식단관리에 제일 최적화된 어플이라고 생각합니다! 1.사진 찍으면 음식인식해서 칼로리를 자동계산해줌 2. 단식버튼 누르면 자동으로 단식시간 계산 3. 먹는 음식을 탄수화물,단백질,식이섬유로 몇퍼센트씩 먹었는지 한눈에 그래프로 보여줌 4. 목표 체중에 맞는 칼로리양 설정해줘서 체중관리에 맞는 칼로리 섭취 가능 5. 나에게 맞는 영양제 추천 이렇게 디테일한 식단관리 어플은 처음 봐요!! 다른 어플 먼저 쓰다가 필라이즈 쓰자마자 바로 이 어플에 정착해서 벌써 1년 이상 사용중입니다! 체중관리 및 건강한 라이프 스타일을 갖고 싶으신 분이시라면 꼭 한번 써보시길 진심으로 추천드려요!! 정말 너무 만족합니다👍🏻 | 헬스하면서 벌크업 & 뱃살 커팅 목적으로 식단관리 칼로리 계산 영양 균형 맞추려고 이것저것 해봤지만 이게 최고네요 사진 찍어 올려도 분석해주고 아무쪼록 칼로리 맞춰 먹기가 쉽지 않은데 매일매일 필요한 칼로리랑 탄단지 비율까지 매번 알 수 있어 가려서 먹기도 좋고 다른거 보지말고 이거만 하면 됩니다 최고에요 | 친구랑 같이 할 수 있어서 동기부여도 되고 너무 좋은 것 같아요!! ❤️ 특히 이번에 원하는대로 코치 설정도 할 수 있어 더욱 재밌게 궁금한 점 질문하고 있습니다!! 이미 너무 잘 쓰고 있는 앱이지만, 식단 입력하고 수정할때마다 피드백이 와서.. 식단 임시 저장 기능이 있으면 좋을 것 같아요. 탄단지 잘 맞췄는지 확인하려면 기록 확인을 해보고 계속 수정해야하거든요 ㅜㅜ 그리고 치팅데이를 따로 설정하는 기능이 있는 것도 좋을 것 같습니다! 식단 점수 특성상 칼로리 섭취가 낮더라도 탄단지만 맞으면 점수가 높아져 강박적으로 식단을 조절하게 되더라구요.. 치팅데이에도 조금 줄여서 입력하게 되는 것 같기도 하구요 ㅜㅜ 치팅데이를 따로 설정하여 해당 날짜의 식단 점수를 가리는 등의 기능이 추가되면 오히려 치팅 할때도 끼니를 양심적으로 입력할 수 있을 것 같습니당!! 😋 앱 너무 잘쓰고 있어요~ ☺️☺️ | 6월 21일~현재 [[ 약 4개월 ]] 160cm에 53kg→161cm에 44kg [[ 9kg 감량 ]] 진짜 너무너무 고마운 앱이에요ㅠㅠ 처음 기록 했을 때 충격받았던 게 제가 고칼로리,고당,고지방,고나트륨 위주로 먹고 있었더라구요...적정 칼로리는 1200kcal인데 1500~2000kcal 이상으로 먹으니까 당연히 살이 안 빠질 수밖에.... 지금은 800~900kcal 정도로 조절해서 먹고 있어요. 다이어트는 식단이 거의 8할! 운동도 꼭! 인스타 광고 보고 혹시나 하는 마음에 깔아봤는데 기록하기 편한 UI에다가 내가 뭘 잘못 먹고 있는지 한눈에 보여주고 체중 변화 그래프로 동기부여도 많이 받아요 무료로도 기본 기능은 충분히 사용할 수 있어요 ※ 광고가 좀 많고 유료 결제 유도가 자주 나오고 무료 사용자한테 프리미엄 기능을 너무 자주 권유하는 느낌이라 별로예요. 음식 종류 대폭 추가해주고 광고 빈도 줄이고 무료 기능 조금 더 확대해주세요. 모두 다이어트 성공하세요🍀 | 식단앱 처음쓰는데 좋네요 음식칼로리 공부하면서 다이어트에도 도움되요 목표칼로리 지키려면 앱은 필수인듯, 먹기전에 미리 칼로리 알면 더 도움이됨 | 칼로리 계산이 너무 쉬워서 좋아요. 우리 쏘스윗 오빠. 넘 스윗해서 힘나요. 게다가 똑똑하기까지~~^^",4.497616777883699,34.31839847473784,4.7664442326024785
