keyword,review,sentiment
관리,"처음엔 그냥 식단 기록 앱인 줄 알았는데 써보니 완전 달라요. 식단을 매일 편하게 기록할 수 있다 보니 쓰다보니 3kg 감량했네요 루션 덕분에 하루를 건강하게 마무리하는 습관이 생겼어요. 보상도 있어서 꾸준히 하게 되고, 결과도 눈에 보여요. 다이어트 앱이라기보다 나를 관리해주는 매니저 같아요. 요즘 제 하루는 루션으로 시작해서 루션으로 끝나요! 감사해요 ~",positive
관리,"아직 나온지 얼마 되지 않아 식품정보가 떨어진다는건 알지만... 그래도 더 많이 넣어주셨으면 합니다ㅠㅠㅠ 그리고 다들 식단관리 목적, 다이어트 목적으로 많이 이용하실텐데 목표 칼로리를 조정할 수 있는 기능은 없더군요... 제시해주는 칼로리보다 낮게 책정하고 싶은데... 따로 조정 기능이 생기면 좋을 것 같습니다! 그리고 요즘 당함량에 다들 민감한만큼 당함량도 체크할 수 있는 기능이 있다면 좋을 것 같아요! 이런것들 외엔 깔끔하고 직관적이라 좋은 앱인 것 같네요ㅎ",positive
관리,"페이코로 할인 끌어모아서 매번 사머금  영양 알아서 세팅되어있어서 식단 관리도 간편,,,👍 챌린지 식단이 제일 맛있고 일반 냉동으로 오는 건 막입이 먹어도 충격적으로 맛없는 확률이 너무 높아서 ㅂㄹ",neutral
관리,탈옥한 적도 없는데 탈옥폰이라면서 켜지지도 않네.. 앱 관리는 전혀 안 하나 봐요.,neutral
관리,진짜 사용하고 싶어도 앱 자체가 실행도 잘 안되고 하루이틀도 아니고 제발 앱관리좀 하세요. 오류 너무 자주발생되고 앱 접속 시작 자체가 안되요,negative
관리,깔끔하고 집에서힘든관리 편합니다 신장식이 메뉴가많이 늘어나서 더욱좋습니다 좋은음식 항상 부탁드려요~,positive
관리,맛있고 포장 깔끔하고 좋아요 그냥 단순히 전자렌지에 돌려 먹게끔 되있는것도 많고 렌지에 돌려도 냄새안나고 맛있어요 간이 잘 되어있고 식단관리할때 이용하기도 좋습니다,positive
관리,물건은 좋으나~ 앱 속도가 이래서야 할인할 때 쓱 쓰고 버려지는 앱이 될 뿐입니다. 어떻게 기다려가며 주문했더니 집 주변 대형마트 갔다올 시간 걸리네요 ㅋㅋ 리뷰가 안 좋으나 5점인 걸 보면 뭔가 장난질을 하시나본데...뭘 개선해놓고 리뷰관리도 하셔야지 안 좋은 상태에서 고객부터 받고 나중에 앱 개선하면 이미 등 돌린 소비자는 놓치시는겁니다~,neutral
관리,"앱퀄리티가 떨어짐. 자동로그인이 계속풀리고 재로그인을해야함. 네이버 등 간편가입으로 회원가입했을경우 hpoint연동안됌 (그리팅 비밀번호를 물어봄), 로딩시간이 너-무느림, 건강밥상탭과 식단관리탭 연동안됌(각각 검색 따로해야함) 정말ㅊ엄청난어플",neutral
관리,어플 관리업체를 바꾸던가 서버증설을 하던가 해야할듯 반응속도가 너무 느려서 중국산어플인줄 속도가 너무 느려 놀랐네요 장바구니 상품넣다가 몇번 지울뻔했네요,neutral
칼로리,"회사 동료가 다이어트 앱 소개해줬는데 속는셈 치고 깔아서 꾸준히 썼더니 5키로 감량했요!(우리끼리만 알고싶은 앱)  매일매일 기록하는 재미도 있고, 이 은근 정확해서 칼로리 계산도 쉽게 할수있어요~ 기존에 있던 다이어트 앱에서 +더 간편+ 쉬운 메뉴얼? 여튼 좋아요! 개발자가 누군진 몰라도 참 야무지네요ㅋㅋ",positive
칼로리,"없는 음식들이 몇가지 꽤 많지만 나름 칼로리 얼마나 섭취하고 있는지는 대충 알수 있고, 컬리도 자주 이용하는데 추천식단에서 바로 컬리로 이동해서 구매할수 있는게 편한거 같음. 근데 걸음수는 삼성헬스 앱이랑 연동이 안되는거 같은데 어떤걸로 연동해서 걸음수를 채워야 하나요? 답변 감사합니다.",positive
칼로리,먹은 칼로리 만기재되네요 운동한 칼로리도 좀빼야하지않을까요~~^^,neutral
칼로리,"아직 나온지 얼마 되지 않아 식품정보가 떨어진다는건 알지만... 그래도 더 많이 넣어주셨으면 합니다ㅠㅠㅠ 그리고 다들 식단관리 목적, 다이어트 목적으로 많이 이용하실텐데 목표 칼로리를 조정할 수 있는 기능은 없더군요... 제시해주는 칼로리보다 낮게 책정하고 싶은데... 따로 조정 기능이 생기면 좋을 것 같습니다! 그리고 요즘 당함량에 다들 민감한만큼 당함량도 체크할 수 있는 기능이 있다면 좋을 것 같아요! 이런것들 외엔 깔끔하고 직관적이라 좋은 앱인 것 같네요ㅎ",positive
칼로리,"시중에 나온 다른 식단 어플에 비해, 식단 등록이 불편함. 대략적인 메뉴나 컬리에서 구매할 수 있는 상품 외에도 프랜차이즈 식당의 메뉴 칼로리는 제시할 수 있어야 하지 않을까요. 두찜의 실비한우곱찜닭 루션만 검색 안됨. 곱도리탕으로 하려고 해도 검색 안됨. 그래서 곱창전골에 닭가슴살 추가해서 입력함. 컬리 포인트 외에 구체적인 차별점이나 매력 모르겠음 + 그리고 컬리 연계 장점을 살려서, 일주일 한달 단위로 식단을 스스로 계획할 수 있게 하고, 그 계획을 컬리 상품으로 구성해서 탄단지 분석해주는 식으로 하면 좋을 듯",negative
칼로리,1인가구인데 딱 먹기 좋은 음식들이 많아요~ 무엇보다 칼로리랑 영양성분이 꼼꼼하게 나와있다보니 체중관리하는 입장에서 너무 좋아요♡,positive
칼로리,"선택의 폭이 넓지는 않지만 선택의 불편함은 없었어요. 그리고 무럿보다 건강식단이 참 마음에 듭니다 칼로리 계산, 여러가지 생각 팔요없어요 식단 보시고 선택,결제하면 됩니다. 엄청 쉽고 빠르네요 ㅎㅎㅎ",negative
칼로리,샐러드 맛있게 먹었어요 칼로리도 적당하고 맛있네요.,neutral
칼로리,"다이어트 위해 깔아서 잘 쓰는중입니다 식단, 몸무게, 칼로리, 단식 한번에 기록 가능해서 너무 좋아요! 일기 기능이 있어서 그것도 마음에 듭니다 한가지 부탁드리고 싶은건 단식 기록 칸에 쉬움/적당/무리 체크하는것도 좋지만 한줄평 처럼 기록 할 수 있는게 있었으면 좋겠습니다!! 부탁드립니다 ㅎㅎㅎㅎ",positive
칼로리,"업데이트가 너무 자주 있고, 업데이트 안하면 앱 사용이 안되요.  그리고 수익성 때문에 AI코치 생기고서는 목표 몸무게나 일일 칼로리 설정도 다 없어졌어요. 이제 굳이 이 앱을 쓸 필요가 없어짐.. 광고는 더 늘고 점점 별로인 앱으로 업뎃중",negative
다이어트,"광고도 없고 식단 기록등을 너무 편하게 할 수 있어서 좋은 것 같아요, 다이어트 하면 늘 골칫거리가 식단 인데 매주 새로운 식단을 추천해주니까 진짜 편합니다 UI 도 깔끔하고 직관적인게 장점 그리고 가능하면 식단을 공유할 수 있는 기능도 있으면 좋을 것 같습니다",positive
다이어트,"리뷰 잘 안쓰는데 이 어플은 진짜 좋아서 씁니다.  식단을 편하게 작성할 수 있어서 꾸준히 작성할 수 있는 게 정말 큰 장점인 것 같아요 예전엔 작심삼일이었는데 루션 쓰고 한달만에 3kg 빠졌어요ㅎㅎ 걸음 포인트도 쌓이고, 내가 뭘 자주 먹는지 돌아보게 돼요. 단순히 다이어트 앱이 아니라, 습관을 만들어주는 앱 같아요. 매일 기록하고 걷는 게 즐거워졌어요!!",neutral
다이어트,"회사 동료가 다이어트 앱 소개해줬는데 속는셈 치고 깔아서 꾸준히 썼더니 5키로 감량했요!(우리끼리만 알고싶은 앱)  매일매일 기록하는 재미도 있고, 이 은근 정확해서 칼로리 계산도 쉽게 할수있어요~ 기존에 있던 다이어트 앱에서 +더 간편+ 쉬운 메뉴얼? 여튼 좋아요! 개발자가 누군진 몰라도 참 야무지네요ㅋㅋ",positive
다이어트,루션 덕분에 다이어트를 성공하였습니자,neutral
다이어트,"처음엔 그냥 식단 기록 앱인 줄 알았는데 써보니 완전 달라요. 식단을 매일 편하게 기록할 수 있다 보니 쓰다보니 3kg 감량했네요 루션 덕분에 하루를 건강하게 마무리하는 습관이 생겼어요. 보상도 있어서 꾸준히 하게 되고, 결과도 눈에 보여요. 다이어트 앱이라기보다 나를 관리해주는 매니저 같아요. 요즘 제 하루는 루션으로 시작해서 루션으로 끝나요! 감사해요 ~",positive
다이어트,"매번 다이어트 앱 깔았다가 금방 지웠는데, 루션은 다르네요. 식단 기록이 귀찮지 않고, 미션이 있어서 꾸준히 하게 돼요.",negative
다이어트,다이어트 식단 기록용으로 사용하고 있는데 쓰기 편하고 좋네요. 사진 찍으면 꽤 정확하게 인식되는 게 신기해요. 구웃,neutral
다이어트,"아직 나온지 얼마 되지 않아 식품정보가 떨어진다는건 알지만... 그래도 더 많이 넣어주셨으면 합니다ㅠㅠㅠ 그리고 다들 식단관리 목적, 다이어트 목적으로 많이 이용하실텐데 목표 칼로리를 조정할 수 있는 기능은 없더군요... 제시해주는 칼로리보다 낮게 책정하고 싶은데... 따로 조정 기능이 생기면 좋을 것 같습니다! 그리고 요즘 당함량에 다들 민감한만큼 당함량도 체크할 수 있는 기능이 있다면 좋을 것 같아요! 이런것들 외엔 깔끔하고 직관적이라 좋은 앱인 것 같네요ㅎ",positive
다이어트,다이어트에 도움되는 건강한 재료로 만든 도시락이 많아서 좋아요,positive
다이어트,"건강한 메뉴,식단 선택,요일배송 건강챙기고 다이어트를 위해선 꼭 필요한 앱이네요 좋습니다!",neutral
운동,먹은 칼로리 만기재되네요 운동한 칼로리도 좀빼야하지않을까요~~^^,neutral
운동,체중이 줄었어요~ 1개월 식단을 먹고 별도의 운동도 안하고 점심시간마다 30분 걷기말고는 안했는데.. 90kg에서 85kg로 변하다니 ㅋㅋ 지구최초라더니~ 인생최초로 85로 회귀 ^^,neutral
운동,운동 기록하는 기록하기 버튼 터치 안됌 식단 기록할때도 터치 됐다 안됐다 함,neutral
운동,운동 기록하기가 갑자기 안됩니다,neutral
운동,운동기록하기 버튼이 아예 눌리지않으며 기록안됨,neutral
운동,"인아웃 너무 좋아요 다이어트를 이렇게 재밌게 할 수 있나? 싶을 정도로 도움 많이 됐어요 만들어주셔서 감사합니다.다이어트 고민 커뮤에서 나누는 거랑 피드 올리는 거, 그룹이랑 1:1 배틀로 다이어트 하는 사람들 기록 참고하면서 기록하는 거 다 너무 재밌고 그냥 좋아요 다!!!!! 그치만 애플워치로 운동 인증 사진 가끔 찍는데 운동 기록할 때 사진도 같이 넣고 싶어여 ㅠㅠ 그것빼곤 다 좋아요 62kg부터 다이어트 시작했는데 인아웃은 57? 56부터 열심히 했거든요. 현재 49까지 인아웃 없었으면 진심 살 못 뺐을 거예요 진짜로. 사랑합니다 제 목표인 45까지 함께해주세요 인아웃!!!!!! 🩷🩷🩷🩷🩷",positive
운동,앱 완벽한데 갑자기 운동 등록하기 버튼이 안 눌리네요ㅠ 수정해주세요,neutral
운동,이틀전부터 운동기록이 안됩니다 개선 부탁드려요,neutral
운동,어제부터 운동 시간 기록이 안됩니다 ㅠ 왜이러는걸까요……….. 다른 건 다 되는데 기록하기 자체가 안눌리네요,neutral
운동,들어가자마자 나오는 첫 화면안에  식단 몸무게 운동을 다 기록하고 볼 수 있으면 좋겠어요.  몸무게 기록 하려면 쭉 내려야하고 한눈에 보이지 않아서 그 부분이 조금 아쉬워요 😭😭😭😭😭😭😭 이 앱이 디자인도 그렇고 기능들도 다이어트 기록에 정말 최적화된 앱이에요!!! 다른 앱들도 많이 써봤는데 이게 제일 좋아서 다이어트 결심할 때마다 이걸루 해요!!,neutral
로그인,로그인도 안돼요..,negative
로그인,앱을 삭제하고 다시 깔았을때는 로그인이 잘 되는데 컬리앱으로 간편로그인-허용하기 눌렀는데 로그인이 실패했습니다..라고 떠요..컬리 아이디로 로그인하려고 해도 안되고...자꾸 지웠다 깔기도 그렇고...잘 사용해볼려고 했는데..아쉽..,neutral
로그인,네이버 로그인 자동로그인 들어갈때마다 로그아웃 되어있네요  진짜 귀찮고 물건사기 싫어져요,negative
로그인,예전에 한참 할인 많이해서 사먹었는데 진짜 행사할때마다 어플 개느려서 계속 튕기고 로그인 계속 풀리고 이래서 그리팅 쓰다가 접었는데 여전히 그러네? 여긴 앱후기 안보나... 돈좀 써서 제대로된 개발자 뽑으세요 제발,neutral
로그인,sns로 가입했는데 로그인이 안돼요. 답답,negative
로그인,전부터 어플에서 카카오로그인버튼이 가끔씩 안눌림 눌러도 무반응 그리고 어제 주문하는데  로그인하고 장바구니에 이것저것 넣고 결제하기누르면 로그아웃됨ㅋㅋㅋㅋㅋ 시간이 너무 길었나 해서 다시했는데 또 로그아웃.. 화딱지나서 안시키려다 세번째만에 주문됨.. 다른후기봐도 앱 개선이 필요해보여요,neutral
로그인,진짜 어지간히 융통성도 없고.  장사 하려면 잘 좀 만들어주세요  재입고알림도 폰 앱에서만 되면서 카카오로 가입한 나는 폰으로 로그인을 못해서 짜증나네,negative
로그인,자동 로그인 설정을 해놔도 매번 풀리네요 ㅠㅠ 이거 보완되면 너무너무 감사하겠습니다.,positive
로그인,"안녕하세요 서비스 잘 사용하고 있는데요. 자동로그인을 하고 탐색하다가, 어플 나갔다가 들어오면 자꾸로그인이 풀려있네요.  주문배송현황 확인할 때 불편한데, 개선부탁드립니다. 제 계정으로 재현해봐주시면 좋을 것 같아요.",negative
로그인,"진짜 참다참다 ... 너무한 거 아닌가요  대기업에서 만든 앱이 진짜 너무 할 정도네요 자동로그인 매번 풀리는 건 이미 많은 분들이 적어주셨고, 비번 맞는데 계속 틀리다고 나와서 앱 껐다가 키면 또 로그인 되어 있고.. 진짜 응대도 친절하고 가격도 좋은데 2020년대에 이런 앱은 처음 봤습니다..",neutral
식단,"광고도 없고 식단 기록등을 너무 편하게 할 수 있어서 좋은 것 같아요, 다이어트 하면 늘 골칫거리가 식단 인데 매주 새로운 식단을 추천해주니까 진짜 편합니다 UI 도 깔끔하고 직관적인게 장점 그리고 가능하면 식단을 공유할 수 있는 기능도 있으면 좋을 것 같습니다",positive
식단,"제가 원했던 어플이 바로 이런거였는데!!! 식단 기록에다가 맞춤 추천 식단까지,,, 귀차니즘 미쳐버리 저같은 다이어터에게 너무나 편한 앱 인것 같아요🥹앞으로도 잘 쓰겠습니다!!",neutral
식단,"리뷰 잘 안쓰는데 이 어플은 진짜 좋아서 씁니다.  식단을 편하게 작성할 수 있어서 꾸준히 작성할 수 있는 게 정말 큰 장점인 것 같아요 예전엔 작심삼일이었는데 루션 쓰고 한달만에 3kg 빠졌어요ㅎㅎ 걸음 포인트도 쌓이고, 내가 뭘 자주 먹는지 돌아보게 돼요. 단순히 다이어트 앱이 아니라, 습관을 만들어주는 앱 같아요. 매일 기록하고 걷는 게 즐거워졌어요!!",neutral
식단,"처음엔 그냥 식단 기록 앱인 줄 알았는데 써보니 완전 달라요. 식단을 매일 편하게 기록할 수 있다 보니 쓰다보니 3kg 감량했네요 루션 덕분에 하루를 건강하게 마무리하는 습관이 생겼어요. 보상도 있어서 꾸준히 하게 되고, 결과도 눈에 보여요. 다이어트 앱이라기보다 나를 관리해주는 매니저 같아요. 요즘 제 하루는 루션으로 시작해서 루션으로 끝나요! 감사해요 ~",positive
식단,"매번 다이어트 앱 깔았다가 금방 지웠는데, 루션은 다르네요. 식단 기록이 귀찮지 않고, 미션이 있어서 꾸준히 하게 돼요.",negative
식단,다이어트 식단 기록용으로 사용하고 있는데 쓰기 편하고 좋네요. 사진 찍으면 꽤 정확하게 인식되는 게 신기해요. 구웃,neutral
식단,"없는 음식들이 몇가지 꽤 많지만 나름 칼로리 얼마나 섭취하고 있는지는 대충 알수 있고, 컬리도 자주 이용하는데 추천식단에서 바로 컬리로 이동해서 구매할수 있는게 편한거 같음. 근데 걸음수는 삼성헬스 앱이랑 연동이 안되는거 같은데 어떤걸로 연동해서 걸음수를 채워야 하나요? 답변 감사합니다.",positive
식단,"아직 나온지 얼마 되지 않아 식품정보가 떨어진다는건 알지만... 그래도 더 많이 넣어주셨으면 합니다ㅠㅠㅠ 그리고 다들 식단관리 목적, 다이어트 목적으로 많이 이용하실텐데 목표 칼로리를 조정할 수 있는 기능은 없더군요... 제시해주는 칼로리보다 낮게 책정하고 싶은데... 따로 조정 기능이 생기면 좋을 것 같습니다! 그리고 요즘 당함량에 다들 민감한만큼 당함량도 체크할 수 있는 기능이 있다면 좋을 것 같아요! 이런것들 외엔 깔끔하고 직관적이라 좋은 앱인 것 같네요ㅎ",positive
식단,"루션 포인트(3,000점) 지급은 왜 안주나요? 어제 가입하고, 식단 등록 다 했는데도 안주시네요.ㅠ",neutral
식단,쉽고 간편하네요! 그리고 식단기록하고 받은 포인트로 컬리에서 교환할 수 있어서 좋아요!,positive
기록,"광고도 없고 식단 기록등을 너무 편하게 할 수 있어서 좋은 것 같아요, 다이어트 하면 늘 골칫거리가 식단 인데 매주 새로운 식단을 추천해주니까 진짜 편합니다 UI 도 깔끔하고 직관적인게 장점 그리고 가능하면 식단을 공유할 수 있는 기능도 있으면 좋을 것 같습니다",positive
기록,"제가 원했던 어플이 바로 이런거였는데!!! 식단 기록에다가 맞춤 추천 식단까지,,, 귀차니즘 미쳐버리 저같은 다이어터에게 너무나 편한 앱 인것 같아요🥹앞으로도 잘 쓰겠습니다!!",neutral
기록,"리뷰 잘 안쓰는데 이 어플은 진짜 좋아서 씁니다.  식단을 편하게 작성할 수 있어서 꾸준히 작성할 수 있는 게 정말 큰 장점인 것 같아요 예전엔 작심삼일이었는데 루션 쓰고 한달만에 3kg 빠졌어요ㅎㅎ 걸음 포인트도 쌓이고, 내가 뭘 자주 먹는지 돌아보게 돼요. 단순히 다이어트 앱이 아니라, 습관을 만들어주는 앱 같아요. 매일 기록하고 걷는 게 즐거워졌어요!!",neutral
기록,"회사 동료가 다이어트 앱 소개해줬는데 속는셈 치고 깔아서 꾸준히 썼더니 5키로 감량했요!(우리끼리만 알고싶은 앱)  매일매일 기록하는 재미도 있고, 이 은근 정확해서 칼로리 계산도 쉽게 할수있어요~ 기존에 있던 다이어트 앱에서 +더 간편+ 쉬운 메뉴얼? 여튼 좋아요! 개발자가 누군진 몰라도 참 야무지네요ㅋㅋ",positive
기록,루션이 깔끔해서 제일 쓰기 편해요 미션 덕분에 기록도 꾸준히 하게 되네요 굿이에요!,positive
기록,"처음엔 그냥 식단 기록 앱인 줄 알았는데 써보니 완전 달라요. 식단을 매일 편하게 기록할 수 있다 보니 쓰다보니 3kg 감량했네요 루션 덕분에 하루를 건강하게 마무리하는 습관이 생겼어요. 보상도 있어서 꾸준히 하게 되고, 결과도 눈에 보여요. 다이어트 앱이라기보다 나를 관리해주는 매니저 같아요. 요즘 제 하루는 루션으로 시작해서 루션으로 끝나요! 감사해요 ~",positive
기록,"매번 다이어트 앱 깔았다가 금방 지웠는데, 루션은 다르네요. 식단 기록이 귀찮지 않고, 미션이 있어서 꾸준히 하게 돼요.",negative
기록,다이어트 식단 기록용으로 사용하고 있는데 쓰기 편하고 좋네요. 사진 찍으면 꽤 정확하게 인식되는 게 신기해요. 구웃,neutral
기록,쉽고 간편하네요! 그리고 식단기록하고 받은 포인트로 컬리에서 교환할 수 있어서 좋아요!,positive
기록,운동 기록하는 기록하기 버튼 터치 안됌 식단 기록할때도 터치 됐다 안됐다 함,neutral
연동,걷기정보가 헬스커넥터와 연동이 안되네요. 앱 설정문제 확인했구요 연동도 체크했는데 걸음수는 체크가 안됩니다 컬리때문에 우선은 깔아놨는데 연동 안되면 점차.안쓸것 같아요,neutral
연동,"없는 음식들이 몇가지 꽤 많지만 나름 칼로리 얼마나 섭취하고 있는지는 대충 알수 있고, 컬리도 자주 이용하는데 추천식단에서 바로 컬리로 이동해서 구매할수 있는게 편한거 같음. 근데 걸음수는 삼성헬스 앱이랑 연동이 안되는거 같은데 어떤걸로 연동해서 걸음수를 채워야 하나요? 답변 감사합니다.",positive
연동,요리하기 귀찮은 사람한텐 딱이네요. 컬리에서 도시락이나 간편식 자주 사먹는데 연동 되어있으니 ㅋㅋㅋㅋㅋ 근데 포인트 모으기가 빡세서 열심히 달려야겠음~ ㅠㅠ,negative
연동,sns 연동 엄청 불편함 네이버랑 자동연동 되지도 않고 로그인저장도 하지않음(왜 저장 체크박스가 있는지 모르겠음),negative
연동,진짜 느리고... 네이버연동 로그인 하려고 해도 계속 회원가입창이 뜨고..현대포인트 로그인 하는데..왜 인증도 안되고 연동 로그인도 안되고. 시간 겁나 잡아먹네요. 물건 구입하는데도 시간 너무 걸림. 그리팅 만족스러워서 재구매하고 싶어도 로그인이 되야하죠. 그리팅 판매실적은 앱 담당자가 다 망치고 있음. 제발 리뷰 좀 보십시요. 대기업이 왜 이러는건지 도통 이해가 안됨. 인내심의 한계를 느낌,positive
연동,"T할인등 연계할인 없으면 절대 쓰지 않을 앱이다. 네이버아이디로 회원가입 했는데, 2단계 인증 안하기를 클릭하고, 로그인유지를 해도 매번 다시 로그인과 2단계 인증을 해야한다. 거기다가 잠시 멀티태스킹하고 오면 또 로그아웃 돼 있음. 이게 미칠노릇. 그럼 처음부터 다시시작.H포인트 쓰려고 연동하기 하면, 네이버로그인은 아예 접근이 안됨. 앱 개발자가 코딩하고 지꺼로 테스트 해봤는지 진짜 궁금하다. 폰별로, 안드로이드 버전별로 테스트좀 해보길. 진짜 어지간하면 앱 평가 안하는데, 할때마다 이 난리라 이걸 한두해째 쓰는데 진짜 참다참다 결국 얘기한다. 앱 개발자를 교체하던지, QC를 강화하던지. 진짜 대기업이 이따위야..중소기업 앱도 금방 문제점 찾고 반영하는데! 개발자 정신차리시오!",negative
연동,T연동가입해서 아이디 확인불가 아이디 확인하려 여러번 시도하다 그냥 삭제합니다 가입 아이디를 일부를 개인정보로 비공개해놨네요 ㅋ 내정보를 본인확인불가함,neutral
연동,제발 sns 연동 로그인좀 개선해주세요 ㅠ 자동로그인도 안되고 캐시도 그때그때 지우는건지 인증 확인 다음에 안하기 체크해도 로그인까지 매번 계속 새로 해야돼요. 그 점이 너무 불편합니다...,negative
연동,앱 리뷰 써 본 적 손가락에 꼽는데 어마어마하게 앱 별로입니다 H.point 계정과 연동하는데 죽어도 안 되고 탈퇴했다 다시 하고 인식도 못하고 도대체 왜 이러는 거예요?,negative
연동,"진짜 열받아. 아이디.,비번찾기 엉망,계속 오류 H포인트랑 아이디 연동도 안되고. 여러가지로 사용이 불편함!!",negative
입력,"시중에 나온 다른 식단 어플에 비해, 식단 등록이 불편함. 대략적인 메뉴나 컬리에서 구매할 수 있는 상품 외에도 프랜차이즈 식당의 메뉴 칼로리는 제시할 수 있어야 하지 않을까요. 두찜의 실비한우곱찜닭 루션만 검색 안됨. 곱도리탕으로 하려고 해도 검색 안됨. 그래서 곱창전골에 닭가슴살 추가해서 입력함. 컬리 포인트 외에 구체적인 차별점이나 매력 모르겠음 + 그리고 컬리 연계 장점을 살려서, 일주일 한달 단위로 식단을 스스로 계획할 수 있게 하고, 그 계획을 컬리 상품으로 구성해서 탄단지 분석해주는 식으로 하면 좋을 듯",negative
입력,"건강한 밀키트가 많고 음식 퀄리티가 높습니다. 어플 사용하기 좋고, 통신사 할인이랑 페이코 할인까지 들어가면 엄청 저렴하게 구매할 수 있어서 자주 이용합니다. 로그인할 때 카카오톡 1초/자동로그인이 안 되서 아쉽습니다. (간편 로그인 정보저장 체크해도 매번 아이디 비번 입력해야하네요~ 이 부분은 개선되면 좋겠습니다.)",neutral
입력,카카오 간편로그인 저장이 안되서 매번 입력해야해서 불편합니다.,negative
입력,느리고 카카오로그인시 매번 아이디비번입력하고 인증해야하고.. 너무 귀찮아서 세일할때말고는 안오게되요 개선좀 해주세요,negative
입력,"공동현관 출입관련 ""비밀번호 입력""을 선택후 공동현관출입방법 기재시 출입방법을 기술해도 저장하기 누르면 ""공동현관 비밀번호""를 입력하라는 에러메세지가 계속 뜸.",neutral
입력,별 하나도 아깝습니다. 페이코에서 프로모션하길래 구매해보려했으나 회원가입 계속 안됨..결국 네이버 아이디 연동.. 결제금액 바로 반영 안됨.. 현관비번 입력했으나 계속 입력하라고 함.. 빽도 안됨.. 다시 몇번 누르니 아예 밖으로 튕겨 나옴.. 이짓을 세번 반복하고.. 구매포기하고 앱을 지웁니다.. 앱을 개발하셨으면 관련자분들이 좀 새 구매자라고 생각하시고 여러번 테스트를 좀 해보세요.,neutral
입력,제대로 작동 안하는 기능들이 좀 있음 공동현관 비번 입력사항이 나타나지 않음,neutral
입력,앱 ui고 뭐고간에 기본적으로 검색어 입력하면 계속 튕기고 장바구니합계 다르게 나오고 진짜 진지하게 롯ㄷ앱 이후로 속터지는 앱발견 업체 바꾸시던지 개선 좀 해주세요,neutral
입력,새벽배송 주문시 비번 입력하는데 계속오류나서 상담하니 비밀번호가 아니고 기타에서 입력하라네요~현관비밀번호지 그게 현관 기타입니까?누가 알겠어요 주소 7번 치다 화나서 35할인땜에 하긴했는데 큰세일없음 주문안하게 생겨먹은 앱이네요,negative
입력,제가 웬만하면 이런글 안다는데 앱 사용감이 최악이에요. 킬때마다 로그인해야하고 주문 정보 입력하다가 다른 앱 보면 기존정보가 다 날아가버려요. 앱때문에 주문하기 싫어져요,neutral
좋겠어요,식단 챙기기에 좋아요 그런데 배송추적이 안되는 오류가 있어요 ㅠ 최소한 운송장이라도 따로 표시됐으면 좋겠어요,positive
좋겠어요,맛도 퀄도 최고입니다. 불편했던 SNS 로그인도 이번 업데이트로 해결됐구요!! 하지만 메뉴 변경은 고객센터로 직접 전화해야 하니 많이 까다롭고 눈치가 보이더라구요. 메뉴 변경도 편하게 앱으로 신청할 수 있었으면 좋겠어요!,negative
좋겠어요,맛도좋고 할인도자주하면좋겠어요,neutral
좋겠어요,장바구니에서 수량 다시 선택할 때 새로고침 안 됐으면 좋겠어요.,neutral
좋겠어요,좋아요 더더 맛있는 음식 올라왔으면 좋겠어요,positive
좋겠어요,엡데이트 이후 리뷰에 사진만 올릴려고 하면 앱이 자꾸 꺼지네요. 다른 이용자분들은 괜찮으신지..얼른 수정되었으면 좋겠어요,neutral
좋겠어요,식품 종류가 더 많으면 좋겠어요. 가격대는 높은 편인데 할인 자주 하고 할인 정보 홍보해줬으면 좋겠어요. 평소 제빵류가 맛있어서 자주 구매했네요,neutral
좋겠어요,정말 좋습니다. 음식이 더 다양했으면 좋겠어요.,neutral
좋겠어요,맛은 물론이고 몸에 좋은 재료로 음식을 만들었다는 느낌이 듭니다 ㅋㅋ 정기주문해서 먹고있는데 앞으로 이벤트를 자주해주시면 좋겠어요 !ㅋㅋㅋ,neutral
좋겠어요,어플 화면 구성은 깔끔하고 보기좋습니다 좀더 다양한 품목이 많이 생겼으면 좋겠어요 앞으로 더욱 좋아지길 기대해봅니다~^^,positive
